Time	Device name	Chip Time()	Acceleration X(g)	Acceleration Y(g)	Acceleration Z(g)	Angular velocity X(°/s)	Angular velocity Y(°/s)	Angular velocity Z(°/s)	ShiftX(mm)	ShiftY(mm)	ShiftZ(mm)	SpeedX(mm/s)	SpeedY(mm/s)	SpeedZ(mm/s)	Angle X(°)	Angle Y(°)	Angle Z(°)	Magnetic field X(ʯt)	Magnetic field Y(ʯt)	Magnetic field Z(ʯt)	Temperature(℃)	Quaternions 0()	Quaternions 1()	Quaternions 2()	Quaternions 3()
 18:06:38.989	ff:bd:0d:cb:d7:a7	2015-01-01 02:11:45.855	-0.827	0	-0.559	-0.427	0.183	-0.061							-1.494	67.126	132.814	99.600	21.300	41.853	24.62	-0.42944	-0.35376	-0.80927	0.18814	
 18:06:39.019	ff:bd:0d:cb:d7:a7	2015-01-01 02:11:45.855	-0.828	-0.001	-0.559	-0.427	0.183	-0.061							-1.494	67.126	132.814	101.400	22.200	38.447	24.62	-0.42944	-0.35376	-0.80927	0.18814	
 18:06:39.034	f9:a2:89:42:44:2c	2015-01-01 02:11:42.060	0.747	-0.657	-0.042	0.061	0	0							0	0	-101.475	-43.100	20.000	0.440	24.35	0.16269	-0.63852	0.33591	-0.67297	
 18:06:39.049	ff:bd:0d:cb:d7:a7	2015-01-01 02:11:45.855	-0.827	0	-0.559	-0.427	0.183	0							-1.494	67.126	132.814	101.400	22.200	38.447	24.62	-0.42944	-0.35376	-0.80927	0.18814	
 18:06:39.065	f9:a2:89:42:44:2c	2015-01-01 02:11:42.060	0.747	-0.657	-0.041	0.061	0	0.061							0	-0.005	-101.475	-43.100	20.000	0.440	24.35	0.16269	-0.63852	0.33591	-0.67297	
 18:06:39.126	f9:a2:89:42:44:2c	2015-01-01 02:11:42.060	0.747	-0.657	-0.04	0	0	0							0	-0.005	-101.475	-42.600	20.500	-3.567	24.35	0.16269	-0.63852	0.33591	-0.67297	
 18:06:39.139	ff:bd:0d:cb:d7:a7	2015-01-01 02:11:46.245	-0.827	0	-0.56	-0.427	0.183	-0.061							-1.494	67.126	132.814	101.400	22.200	38.447	24.62	-0.42947	-0.35373	-0.8093	0.18811	
 18:06:39.154	f9:a2:89:42:44:2c	2015-01-01 02:11:42.060	0.746	-0.657	-0.041	0.061	0	0							0	-0.005	-101.475	-42.600	20.500	-3.567	24.35	0.16269	-0.63852	0.33591	-0.67297	
 18:06:39.169	ff:bd:0d:cb:d7:a7	2015-01-01 02:11:46.245	-0.827	0	-0.559	-0.427	0.183	-0.061							-1.494	67.126	132.814	101.400	22.200	38.447	24.62	-0.42947	-0.35373	-0.8093	0.18811	
 18:06:39.229	ff:bd:0d:cb:d7:a7	2015-01-01 02:11:46.245	-0.827	0	-0.559	-0.427	0.183	-0.061							-1.494	67.126	132.814	101.400	22.200	38.447	24.62	-0.42947	-0.35373	-0.8093	0.18811	
 18:06:39.245	f9:a2:89:42:44:2c	2015-01-01 02:11:42.420	0.747	-0.657	-0.041	0.061	0	0							0	-0.005	-101.475	-42.600	20.500	-3.567	24.35	0.16269	-0.63852	0.33591	-0.67297	
 18:06:39.260	ff:bd:0d:cb:d7:a7	2015-01-01 02:11:46.245	-0.827	0	-0.559	-0.427	0.183	-0.061							-1.494	67.126	132.814	101.400	22.200	38.447	24.62	-0.42947	-0.35373	-0.8093	0.18811	
 18:06:39.274	f9:a2:89:42:44:2c	2015-01-01 02:11:42.420	0.747	-0.657	-0.041	0.061	0	0							0	0	-101.475	-42.600	20.500	-3.567	24.35	0.16269	-0.63852	0.33591	-0.67297	
 18:06:39.304	f9:a2:89:42:44:2c	2015-01-01 02:11:42.420	0.747	-0.656	-0.041	0.061	0	0							0	0	-101.475	-42.600	20.500	-3.567	24.35	0.16269	-0.63852	0.33591	-0.67297	
 18:06:39.365	f9:a2:89:42:44:2c	2015-01-01 02:11:42.420	0.747	-0.656	-0.041	0.061	0	0							0	-0.005	-101.475	-42.600	20.500	-3.567	24.35	0.16269	-0.63852	0.33591	-0.67297	
 18:06:39.408	ff:bd:0d:cb:d7:a7	2015-01-01 02:11:46.245	-0.827	0	-0.56	-0.427	0.183	0							-1.494	67.126	132.814	101.400	22.200	38.447	24.62	-0.42947	-0.35373	-0.8093	0.18811	
 18:06:39.410	ff:bd:0d:cb:d7:a7	2015-01-01 02:11:46.245	-0.827	0	-0.56	-0.366	0.183	-0.061							-1.494	67.126	132.814	101.600	21.100	37.780	24.62	-0.42947	-0.35373	-0.8093	0.18811	
 18:06:39.410	ff:bd:0d:cb:d7:a7	2015-01-01 02:11:46.245	-0.827	0	-0.56	-0.427	0.122	-0.061							-1.494	67.126	132.814	101.600	21.100	37.780	24.62	-0.42947	-0.35373	-0.8093	0.18811	
 18:06:39.454	f9:a2:89:42:44:2c	2015-01-01 02:11:42.420	0.747	-0.656	-0.041	0.061	0	0							0	-0.005	-101.475	-42.900	19.800	0.420	24.35	0.16269	-0.63852	0.33591	-0.67297	
 18:06:39.470	ff:bd:0d:cb:d7:a7	2015-01-01 02:11:46.245	-0.827	-0.001	-0.56	-0.427	0.183	-0.061							-1.494	67.126	132.814	101.600	21.100	37.780	24.62	-0.42947	-0.35373	-0.8093	0.18811	
 18:06:39.485	f9:a2:89:42:44:2c	2015-01-01 02:11:42.420	0.747	-0.657	-0.04	0.061	0	0							0	-0.005	-101.475	-42.900	19.800	0.420	24.35	0.16269	-0.63852	0.33591	-0.67297	
 18:06:39.515	f9:a2:89:42:44:2c	2015-01-01 02:11:42.420	0.747	-0.657	-0.041	0	0	0							0	-0.005	-101.475	-42.900	19.800	0.420	24.35	0.16269	-0.63852	0.33591	-0.67297	
 18:06:39.560	ff:bd:0d:cb:d7:a7	2015-01-01 02:11:46.245	-0.828	0	-0.56	-0.366	0.183	0							-1.494	67.126	132.814	101.600	21.100	37.780	24.62	-0.42947	-0.3537	-0.8093	0.18811	
 18:06:39.575	f9:a2:89:42:44:2c	2015-01-01 02:11:42.745	0.746	-0.657	-0.042	0.061	0	0							0	-0.005	-101.475	-42.900	19.800	0.420	24.35	0.16269	-0.63852	0.33591	-0.67297	
 18:06:39.589	ff:bd:0d:cb:d7:a7	2015-01-01 02:11:46.660	-0.828	0	-0.559	-0.427	0.183	0							-1.494	67.126	132.814	101.600	21.100	37.780	24.62	-0.42947	-0.3537	-0.8093	0.18811	
 18:06:39.619	ff:bd:0d:cb:d7:a7	2015-01-01 02:11:46.660	-0.827	0	-0.559	-0.427	0.183	-0.061							-1.494	67.126	132.819	101.600	21.100	37.780	24.62	-0.42947	-0.3537	-0.8093	0.18811	
 18:06:39.635	f9:a2:89:42:44:2c	2015-01-01 02:11:42.745	0.746	-0.657	-0.041	0.061	0	0							0	-0.005	-101.475	-42.900	19.800	0.420	24.35	0.16269	-0.63852	0.33591	-0.67297	
 18:06:39.650	ff:bd:0d:cb:d7:a7	2015-01-01 02:11:46.660	-0.827	0	-0.56	-0.427	0.183	-0.061							-1.494	67.126	132.819	101.600	21.100	37.780	24.62	-0.42947	-0.3537	-0.8093	0.18811	
 18:06:39.695	f9:a2:89:42:44:2c	2015-01-01 02:11:42.745	0.747	-0.657	-0.041	0	0	0.061							0	-0.005	-101.475	-42.900	19.800	0.420	24.35	0.16269	-0.63852	0.33591	-0.67297	
 18:06:39.724	f9:a2:89:42:44:2c	2015-01-01 02:11:42.745	0.747	-0.657	-0.041	0.061	0	0.061							0	-0.005	-101.475	-42.900	19.800	0.420	24.35	0.16269	-0.63852	0.33591	-0.67297	
 18:06:39.739	ff:bd:0d:cb:d7:a7	2015-01-01 02:11:46.660	-0.827	0	-0.56	-0.366	0.183	-0.122							-1.494	67.126	132.819	101.600	21.100	37.780	24.62	-0.42947	-0.3537	-0.8093	0.18811	
 18:06:39.754	f9:a2:89:42:44:2c	2015-01-01 02:11:42.745	0.747	-0.656	-0.041	0	0	0							0	-0.005	-101.475	-42.900	21.300	-1.333	24.35	0.16269	-0.63852	0.33591	-0.67297	
 18:06:39.770	ff:bd:0d:cb:d7:a7	2015-01-01 02:11:46.660	-0.827	0	-0.56	-0.366	0.183	-0.061							-1.494	67.126	132.819	101.600	21.100	37.780	24.62	-0.42947	-0.3537	-0.8093	0.18811	
 18:06:39.844	f9:a2:89:42:44:2c	2015-01-01 02:11:42.745	0.747	-0.657	-0.042	0	0	0							0	-0.005	-101.475	-42.900	21.300	-1.333	24.35	0.16269	-0.63852	0.33591	-0.67297	
 18:06:39.858	ff:bd:0d:cb:d7:a7	2015-01-01 02:11:46.660	-0.828	0	-0.559	-0.427	0.183	-0.061							-1.494	67.126	132.819	99.900	23.300	38.953	24.62	-0.42947	-0.3537	-0.8093	0.18811	
 18:06:39.860	ff:bd:0d:cb:d7:a7	2015-01-01 02:11:46.660	-0.827	0	-0.559	-0.427	0.183	0							-1.494	67.126	132.819	99.900	23.300	38.953	24.62	-0.42947	-0.3537	-0.8093	0.18811	
 18:06:39.874	f9:a2:89:42:44:2c	2015-01-01 02:11:42.745	0.747	-0.656	-0.041	0.061	0	0							0	-0.005	-101.475	-42.900	21.300	-1.333	24.35	0.16269	-0.63852	0.33591	-0.67297	
 18:06:39.934	f9:a2:89:42:44:2c	2015-01-01 02:11:43.105	0.747	-0.657	-0.042	0.061	0	0							0	-0.005	-101.475	-42.900	21.300	-1.333	24.35	0.16269	-0.63852	0.33591	-0.67297	
 18:06:39.964	f9:a2:89:42:44:2c	2015-01-01 02:11:43.105	0.746	-0.657	-0.041	0.061	0	0							0	-0.005	-101.475	-42.900	21.300	-1.333	24.35	0.16269	-0.63852	0.33591	-0.67297	
 18:06:39.980	ff:bd:0d:cb:d7:a7	2015-01-01 02:11:46.660	-0.827	0	-0.559	-0.427	0.183	0							-1.494	67.126	132.819	99.900	23.300	38.953	24.62	-0.42947	-0.3537	-0.8093	0.18808	
 18:06:39.980	ff:bd:0d:cb:d7:a7	2015-01-01 02:11:46.660	-0.827	0	-0.56	-0.427	0.183	-0.061							-1.494	67.126	132.819	99.900	23.300	38.953	24.62	-0.42947	-0.3537	-0.8093	0.18808	
 18:06:40.009	ff:bd:0d:cb:d7:a7	2015-01-01 02:11:47.050	-0.828	-0.001	-0.56	-0.427	0.183	-0.061							-1.494	67.126	132.819	99.900	23.300	38.953	24.62	-0.42947	-0.3537	-0.8093	0.18808	
 18:06:40.054	f9:a2:89:42:44:2c	2015-01-01 02:11:43.105	0.747	-0.658	-0.041	0.061	0	0							0	-0.005	-101.475	-42.900	21.300	-1.333	24.35	0.16269	-0.63852	0.33591	-0.67297	
 18:06:40.068	ff:bd:0d:cb:d7:a7	2015-01-01 02:11:47.050	-0.828	0	-0.559	-0.427	0.183	-0.061							-1.494	67.126	132.819	99.900	23.300	38.953	24.62	-0.42947	-0.3537	-0.8093	0.18808	
 18:06:40.084	f9:a2:89:42:44:2c	2015-01-01 02:11:43.105	0.747	-0.656	-0.041	0.061	0	0							0	-0.005	-101.475	-42.900	21.300	-1.333	24.35	0.16269	-0.63852	0.33591	-0.67297	
 18:06:40.116	f9:a2:89:42:44:2c	2015-01-01 02:11:43.105	0.747	-0.657	-0.041	0.061	0	0							0	-0.005	-101.475	-42.900	21.300	-1.333	24.35	0.16269	-0.63852	0.33591	-0.67297	
 18:06:40.174	f9:a2:89:42:44:2c	2015-01-01 02:11:43.105	0.746	-0.657	-0.041	0.061	0	0.061							0	-0.005	-101.475	-42.900	19.200	1.607	24.35	0.16269	-0.63852	0.33591	-0.67297	
 18:06:40.190	ff:bd:0d:cb:d7:a7	2015-01-01 02:11:47.050	-0.827	0	-0.559	-0.366	0.183	-0.061							-1.494	67.126	132.819	99.900	23.300	38.953	24.62	-0.42947	-0.3537	-0.8093	0.18808	
 18:06:40.190	ff:bd:0d:cb:d7:a7	2015-01-01 02:11:47.050	-0.827	0	-0.559	-0.427	0.183	-0.061							-1.494	67.126	132.819	99.900	23.300	38.953	24.62	-0.42947	-0.3537	-0.8093	0.18808	
 18:06:40.220	ff:bd:0d:cb:d7:a7	2015-01-01 02:11:47.050	-0.828	0	-0.559	-0.427	0.183	-0.061							-1.494	67.126	132.819	99.900	23.300	38.953	24.62	-0.42947	-0.3537	-0.8093	0.18808	
 18:06:40.235	f9:a2:89:42:44:2c	2015-01-01 02:11:43.105	0.747	-0.657	-0.041	0.061	0	0							0	-0.005	-101.475	-42.900	19.200	1.607	24.35	0.16269	-0.63852	0.33591	-0.67297	
 18:06:40.280	ff:bd:0d:cb:d7:a7	2015-01-01 02:11:47.050	-0.828	0	-0.56	-0.427	0.183	0							-1.494	67.126	132.819	102.200	21.900	39.000	24.62	-0.42947	-0.3537	-0.8093	0.18808	
 18:06:40.294	f9:a2:89:42:44:2c	2015-01-01 02:11:43.460	0.747	-0.657	-0.041	0.061	0	0							0	-0.005	-101.475	-42.900	19.200	1.607	24.35	0.16269	-0.63852	0.33591	-0.67297	
 18:06:40.325	f9:a2:89:42:44:2c	2015-01-01 02:11:43.460	0.748	-0.657	-0.041	0.061	0	0							0	-0.005	-101.475	-42.900	19.200	1.607	24.35	0.16269	-0.63852	0.33591	-0.67297	
 18:06:40.340	ff:bd:0d:cb:d7:a7	2015-01-01 02:11:47.050	-0.828	0	-0.56	-0.366	0.244	0							-1.494	67.126	132.825	102.200	21.900	39.000	24.62	-0.42947	-0.35367	-0.8093	0.18808	
 18:06:40.354	f9:a2:89:42:44:2c	2015-01-01 02:11:43.460	0.746	-0.657	-0.041	0	0	0							0	-0.005	-101.475	-42.900	19.200	1.607	24.35	0.16269	-0.63852	0.33591	-0.67297	
 18:06:40.400	ff:bd:0d:cb:d7:a7	2015-01-01 02:11:47.465	-0.827	0	-0.56	-0.427	0.183	-0.061							-1.494	67.126	132.825	102.200	21.900	39.000	24.62	-0.42947	-0.35367	-0.8093	0.18808	
 18:06:40.429	ff:bd:0d:cb:d7:a7	2015-01-01 02:11:47.465	-0.827	0	-0.559	-0.427	0.183	-0.122							-1.494	67.126	132.825	102.200	21.900	39.000	24.62	-0.42947	-0.35367	-0.8093	0.18808	
 18:06:40.445	f9:a2:89:42:44:2c	2015-01-01 02:11:43.460	0.747	-0.657	-0.041	0.061	0	0							0	-0.005	-101.475	-42.900	19.200	1.607	24.35	0.16269	-0.63852	0.33591	-0.67297	
 18:06:40.459	ff:bd:0d:cb:d7:a7	2015-01-01 02:11:47.465	-0.828	0	-0.56	-0.427	0.183	-0.061							-1.5	67.126	132.825	102.200	21.900	39.000	24.62	-0.42947	-0.35367	-0.8093	0.18808	
 18:06:40.474	f9:a2:89:42:44:2c	2015-01-01 02:11:43.460	0.747	-0.656	-0.041	0.061	0	0							0	-0.005	-101.475	-42.900	19.200	1.607	24.35	0.16269	-0.63852	0.33591	-0.67297	
 18:06:40.535	f9:a2:89:42:44:2c	2015-01-01 02:11:43.460	0.747	-0.657	-0.041	0	0	0.061							0	-0.005	-101.475	-42.400	20.300	-1.780	24.35	0.16269	-0.63852	0.33591	-0.67297	
 18:06:40.551	ff:bd:0d:cb:d7:a7	2015-01-01 02:11:47.465	-0.828	0	-0.56	-0.366	0.183	0							-1.5	67.126	132.825	102.200	21.900	39.000	24.62	-0.42947	-0.35367	-0.8093	0.18808	
 18:06:40.564	f9:a2:89:42:44:2c	2015-01-01 02:11:43.460	0.747	-0.657	-0.041	0.061	0	0							0	-0.005	-101.475	-42.400	20.300	-1.780	24.35	0.16269	-0.63852	0.33591	-0.67297	
 18:06:40.579	ff:bd:0d:cb:d7:a7	2015-01-01 02:11:47.465	-0.827	0	-0.559	-0.366	0.183	0							-1.5	67.126	132.825	102.200	21.900	39.000	24.62	-0.42947	-0.35367	-0.8093	0.18808	
 18:06:40.654	f9:a2:89:42:44:2c	2015-01-01 02:11:43.820	0.747	-0.657	-0.041	0.061	0	0							0	-0.005	-101.475	-42.400	20.300	-1.780	24.35	0.16269	-0.63852	0.33591	-0.67297	
 18:06:40.684	f9:a2:89:42:44:2c	2015-01-01 02:11:43.820	0.747	-0.657	-0.041	0.061	0	0							0	-0.005	-101.475	-42.400	20.300	-1.780	24.35	0.16269	-0.63852	0.33591	-0.67297	
 18:06:40.700	ff:bd:0d:cb:d7:a7	2015-01-01 02:11:47.465	-0.827	0	-0.559	-0.427	0.183	-0.061							-1.5	67.126	132.825	101.700	22.500	41.053	24.62	-0.42947	-0.35367	-0.8093	0.18808	
 18:06:40.700	ff:bd:0d:cb:d7:a7	2015-01-01 02:11:47.465	-0.828	0	-0.56	-0.427	0.183	0							-1.5	67.126	132.825	101.700	22.500	41.053	24.62	-0.42947	-0.35367	-0.8093	0.18808	
 18:06:40.714	f9:a2:89:42:44:2c	2015-01-01 02:11:43.820	0.747	-0.657	-0.041	0.061	0	0.061							0	-0.005	-101.475	-42.400	20.300	-1.780	24.35	0.16269	-0.63852	0.33591	-0.67297	
 18:06:40.760	ff:bd:0d:cb:d7:a7	2015-01-01 02:11:47.465	-0.827	0	-0.559	-0.366	0.183	-0.061							-1.5	67.126	132.825	101.700	22.500	41.053	24.62	-0.4295	-0.35364	-0.80933	0.18808	
 18:06:40.775	f9:a2:89:42:44:2c	2015-01-01 02:11:43.820	0.747	-0.657	-0.041	0.061	0	0							0	-0.005	-101.475	-42.400	20.300	-1.780	24.35	0.16269	-0.63852	0.33591	-0.67297	
 18:06:40.789	ff:bd:0d:cb:d7:a7	2015-01-01 02:11:47.885	-0.827	0	-0.56	-0.427	0.183	-0.061							-1.5	67.126	132.825	101.700	22.500	41.053	24.62	-0.4295	-0.35364	-0.80933	0.18808	
 18:06:40.820	ff:bd:0d:cb:d7:a7	2015-01-01 02:11:47.885	-0.827	0	-0.56	-0.366	0.183	-0.061							-1.5	67.126	132.825	101.700	22.500	41.053	24.62	-0.4295	-0.35364	-0.80933	0.18808	
 18:06:40.865	f9:a2:89:42:44:2c	2015-01-01 02:11:43.820	0.747	-0.657	-0.041	0.061	0	0							0	-0.005	-101.475	-41.400	18.700	-0.480	24.35	0.16269	-0.63852	0.33591	-0.67297	
 18:06:40.879	ff:bd:0d:cb:d7:a7	2015-01-01 02:11:47.885	-0.827	0	-0.559	-0.427	0.183	-0.061							-1.5	67.126	132.825	101.700	22.500	41.053	24.62	-0.4295	-0.35364	-0.80933	0.18808	
 18:06:40.895	f9:a2:89:42:44:2c	2015-01-01 02:11:43.820	0.747	-0.657	-0.041	0.061	0	0							0	-0.005	-101.475	-41.400	18.700	-0.480	24.35	0.16269	-0.63852	0.33591	-0.67297	
 18:06:40.925	f9:a2:89:42:44:2c	2015-01-01 02:11:43.820	0.747	-0.657	-0.041	0.061	0	0							0	-0.005	-101.475	-41.400	18.700	-0.480	24.35	0.16269	-0.63852	0.33591	-0.67297	
 18:06:40.940	ff:bd:0d:cb:d7:a7	2015-01-01 02:11:47.885	-0.827	-0.001	-0.559	-0.427	0.183	-0.061							-1.5	67.126	132.825	101.700	22.500	41.053	24.62	-0.4295	-0.35364	-0.80933	0.18808	
 18:06:40.984	f9:a2:89:42:44:2c	2015-01-01 02:11:44.145	0.747	-0.657	-0.041	0.061	0	0							0	-0.005	-101.475	-41.400	18.700	-0.480	24.35	0.16269	-0.63852	0.33591	-0.67297	
 18:06:41.030	ff:bd:0d:cb:d7:a7	2015-01-01 02:11:47.885	-0.827	0	-0.56	-0.427	0.244	0							-1.5	67.126	132.825	101.700	22.500	41.053	24.62	-0.4295	-0.35364	-0.80933	0.18808	
 18:06:41.030	ff:bd:0d:cb:d7:a7	2015-01-01 02:11:47.885	-0.827	0	-0.559	-0.427	0.183	0							-1.5	67.126	132.825	101.700	22.500	41.053	24.62	-0.4295	-0.35364	-0.80933	0.18808	
 18:06:41.045	f9:a2:89:42:44:2c	2015-01-01 02:11:44.145	0.747	-0.657	-0.04	0.061	0	0							0	-0.005	-101.475	-41.400	18.700	-0.480	24.35	0.16269	-0.63852	0.33591	-0.67297	
 18:06:41.060	ff:bd:0d:cb:d7:a7	2015-01-01 02:11:47.885	-0.828	0	-0.56	-0.427	0.183	-0.061							-1.5	67.126	132.825	100.800	21.900	40.447	24.62	-0.4295	-0.35364	-0.80933	0.18808	
 18:06:41.105	f9:a2:89:42:44:2c	2015-01-01 02:11:44.145	0.747	-0.657	-0.041	0	0	0.061							0	-0.005	-101.475	-41.400	18.700	-0.480	24.35	0.16269	-0.63852	0.33591	-0.67297	
 18:06:41.135	f9:a2:89:42:44:2c	2015-01-01 02:11:44.145	0.747	-0.657	-0.041	0.061	0	0							0	-0.005	-101.475	-41.400	18.700	-0.480	24.35	0.16269	-0.63852	0.33591	-0.67297	
 18:06:41.149	ff:bd:0d:cb:d7:a7	2015-01-01 02:11:47.885	-0.827	0	-0.56	-0.427	0.183	0							-1.5	67.126	132.825	100.800	21.900	40.447	24.62	-0.4295	-0.35364	-0.80933	0.18805	
 18:06:41.166	f9:a2:89:42:44:2c	2015-01-01 02:11:44.145	0.747	-0.657	-0.041	0	0	0.061							0	-0.005	-101.475	-42.900	19.200	-4.193	24.35	0.16269	-0.63852	0.33591	-0.67297	
 18:06:41.180	ff:bd:0d:cb:d7:a7	2015-01-01 02:11:47.885	-0.828	-0.001	-0.56	-0.366	0.183	-0.061							-1.5	67.126	132.825	100.800	21.900	40.447	24.62	-0.4295	-0.35364	-0.80933	0.18805	
 18:06:41.239	ff:bd:0d:cb:d7:a7	2015-01-01 02:11:48.300	-0.828	0	-0.559	-0.366	0.183	0							-1.5	67.126	132.825	100.800	21.900	40.447	24.62	-0.4295	-0.35364	-0.80933	0.18805	
 18:06:41.255	f9:a2:89:42:44:2c	2015-01-01 02:11:44.145	0.747	-0.657	-0.041	0.061	0	0.061							0	-0.005	-101.475	-42.900	19.200	-4.193	24.35	0.16269	-0.63852	0.33591	-0.67297	
 18:06:41.269	ff:bd:0d:cb:d7:a7	2015-01-01 02:11:48.300	-0.827	0	-0.559	-0.427	0.183	-0.061							-1.5	67.132	132.825	100.800	21.900	40.447	24.62	-0.4295	-0.35364	-0.80933	0.18805	
 18:06:41.314	f9:a2:89:42:44:2c	2015-01-01 02:11:44.145	0.746	-0.657	-0.041	0.061	0	0							0	-0.005	-101.475	-42.900	19.200	-4.193	24.35	0.16269	-0.63852	0.33591	-0.67297	
 18:06:41.344	f9:a2:89:42:44:2c	2015-01-01 02:11:44.505	0.747	-0.657	-0.041	0.061	0	0							0	-0.005	-101.475	-42.900	19.200	-4.193	24.35	0.16269	-0.63852	0.33591	-0.67297	
 18:06:41.360	ff:bd:0d:cb:d7:a7	2015-01-01 02:11:48.300	-0.827	0	-0.56	-0.427	0.183	0							-1.5	67.132	132.83	100.800	21.900	40.447	24.62	-0.4295	-0.35364	-0.80933	0.18805	
 18:06:41.374	f9:a2:89:42:44:2c	2015-01-01 02:11:44.505	0.747	-0.657	-0.041	0.061	0	0							0	-0.005	-101.475	-42.900	19.200	-4.193	24.35	0.16269	-0.63852	0.33591	-0.67297	
 18:06:41.449	ff:bd:0d:cb:d7:a7	2015-01-01 02:11:48.300	-0.827	0	-0.559	-0.427	0.244	-0.061							-1.5	67.132	132.83	100.800	21.900	40.447	24.62	-0.4295	-0.35364	-0.80933	0.18805	
 18:06:41.449	ff:bd:0d:cb:d7:a7	2015-01-01 02:11:48.300	-0.827	0	-0.56	-0.427	0.183	0							-1.5	67.132	132.83	100.800	21.900	40.447	24.62	-0.4295	-0.35364	-0.80933	0.18805	
 18:06:41.493	f9:a2:89:42:44:2c	2015-01-01 02:11:44.505	0.747	-0.657	-0.041	0.061	0	0							0	-0.005	-101.475	-42.900	19.200	-4.193	24.35	0.16269	-0.63852	0.33591	-0.67297	
 18:06:41.495	f9:a2:89:42:44:2c	2015-01-01 02:11:44.505	0.747	-0.656	-0.041	0.061	0	0							0	-0.005	-101.475	-42.900	19.200	-4.193	24.35	0.16269	-0.63852	0.33591	-0.67297	
 18:06:41.510	ff:bd:0d:cb:d7:a7	2015-01-01 02:11:48.300	-0.827	-0.001	-0.56	-0.366	0.183	-0.061							-1.5	67.132	132.83	100.300	22.100	38.873	24.62	-0.4295	-0.35364	-0.80933	0.18805	
 18:06:41.525	f9:a2:89:42:44:2c	2015-01-01 02:11:44.505	0.747	-0.656	-0.041	0.061	0	0							0	-0.005	-101.475	-42.900	19.200	-4.193	24.35	0.16269	-0.63852	0.33591	-0.67297	
 18:06:41.570	ff:bd:0d:cb:d7:a7	2015-01-01 02:11:48.300	-0.827	0	-0.56	-0.366	0.183	-0.061							-1.5	67.132	132.83	100.300	22.100	38.873	24.62	-0.4295	-0.35364	-0.80933	0.18805	
 18:06:41.584	f9:a2:89:42:44:2c	2015-01-01 02:11:44.505	0.746	-0.657	-0.041	0.061	0	0.061							0	-0.005	-101.475	-43.500	20.500	0.073	24.35	0.16269	-0.63852	0.33591	-0.67297	
 18:06:41.600	ff:bd:0d:cb:d7:a7	2015-01-01 02:11:48.300	-0.828	-0.001	-0.56	-0.427	0.244	-0.061							-1.5	67.132	132.83	100.300	22.100	38.873	24.62	-0.4295	-0.35361	-0.80933	0.18805	
 18:06:41.629	ff:bd:0d:cb:d7:a7	2015-01-01 02:11:48.300	-0.827	-0.001	-0.559	-0.427	0.244	-0.122							-1.5	67.132	132.83	100.300	22.100	38.873	24.62	-0.4295	-0.35361	-0.80933	0.18805	
 18:06:41.644	f9:a2:89:42:44:2c	2015-01-01 02:11:44.505	0.747	-0.657	-0.042	0.061	0	0.061							0	-0.005	-101.475	-43.500	20.500	0.073	24.35	0.16269	-0.63852	0.33591	-0.67297	
 18:06:41.689	ff:bd:0d:cb:d7:a7	2015-01-01 02:11:48.745	-0.827	0	-0.56	-0.366	0.183	0							-1.5	67.132	132.83	100.300	22.100	38.873	24.62	-0.4295	-0.35361	-0.80933	0.18805	
 18:06:41.704	f9:a2:89:42:44:2c	2015-01-01 02:11:44.860	0.747	-0.656	-0.041	0.061	0	0							0	-0.005	-101.475	-43.500	20.500	0.073	24.35	0.16269	-0.63852	0.33591	-0.67297	
 18:06:41.734	f9:a2:89:42:44:2c	2015-01-01 02:11:44.860	0.747	-0.656	-0.041	0.061	0	0.061							0	-0.005	-101.475	-43.500	20.500	0.073	24.35	0.16269	-0.63852	0.33591	-0.67297	
 18:06:41.749	ff:bd:0d:cb:d7:a7	2015-01-01 02:11:48.745	-0.827	0	-0.559	-0.427	0.183	-0.061							-1.5	67.132	132.83	100.300	22.100	38.873	24.62	-0.4295	-0.35361	-0.80933	0.18805	
 18:06:41.764	f9:a2:89:42:44:2c	2015-01-01 02:11:44.860	0.747	-0.657	-0.04	0.061	0	0.061							0.005	-0.005	-101.475	-43.500	20.500	0.073	24.35	0.16269	-0.63852	0.33591	-0.67297	
 18:06:41.809	ff:bd:0d:cb:d7:a7	2015-01-01 02:11:48.745	-0.827	0	-0.561	-0.427	0.183	-0.061							-1.5	67.132	132.83	100.300	22.100	38.873	24.62	-0.4295	-0.35361	-0.80933	0.18805	
 18:06:41.839	ff:bd:0d:cb:d7:a7	2015-01-01 02:11:48.745	-0.828	0	-0.56	-0.427	0.183	0							-1.5	67.126	132.83	100.300	22.100	38.873	24.62	-0.4295	-0.35361	-0.80933	0.18805	
 18:06:41.854	f9:a2:89:42:44:2c	2015-01-01 02:11:44.860	0.747	-0.657	-0.04	0	0	0.061							0.005	-0.005	-101.475	-43.500	20.500	0.073	24.35	0.16269	-0.63852	0.33591	-0.67297	
 18:06:41.871	ff:bd:0d:cb:d7:a7	2015-01-01 02:11:48.745	-0.828	0	-0.559	-0.366	0.183	0							-1.494	67.126	132.83	99.700	22.300	37.700	24.62	-0.4295	-0.35361	-0.80933	0.18805	
 18:06:41.885	f9:a2:89:42:44:2c	2015-01-01 02:11:44.860	0.747	-0.656	-0.042	0.061	0	0.061							0.005	-0.005	-101.475	-43.500	20.500	0.073	24.35	0.16269	-0.63852	0.33591	-0.67297	
 18:06:41.946	f9:a2:89:42:44:2c	2015-01-01 02:11:44.860	0.747	-0.655	-0.042	0.061	0	0							0.005	-0.005	-101.475	-41.300	19.800	-1.853	24.35	0.16269	-0.63852	0.33591	-0.67297	
 18:06:41.959	ff:bd:0d:cb:d7:a7	2015-01-01 02:11:48.745	-0.827	0	-0.559	-0.427	0.244	-0.061							-1.5	67.126	132.83	99.700	22.300	37.700	24.62	-0.4295	-0.35361	-0.80933	0.18805	
 18:06:41.975	f9:a2:89:42:44:2c	2015-01-01 02:11:44.860	0.747	-0.656	-0.041	0.061	0	0							0	-0.005	-101.475	-41.300	19.800	-1.853	24.35	0.16269	-0.63852	0.33591	-0.67297	
 18:06:41.990	ff:bd:0d:cb:d7:a7	2015-01-01 02:11:48.745	-0.827	0	-0.559	-0.427	0.183	-0.061							-1.5	67.132	132.83	99.700	22.300	37.700	24.62	-0.4295	-0.35361	-0.80933	0.18805	
 18:06:42.050	ff:bd:0d:cb:d7:a7	2015-01-01 02:11:49.105	-0.827	0	-0.56	-0.366	0.244	0							-1.5	67.132	132.83	99.700	22.300	37.700	24.62	-0.4295	-0.35361	-0.80933	0.18805	
 18:06:42.064	f9:a2:89:42:44:2c	2015-01-01 02:11:45.220	0.746	-0.658	-0.04	0.061	0	0							0	-0.005	-101.475	-41.300	19.800	-1.853	24.35	0.16269	-0.63852	0.33591	-0.67297	
 18:06:42.078	ff:bd:0d:cb:d7:a7	2015-01-01 02:11:49.105	-0.827	-0.001	-0.56	-0.427	0.183	-0.061							-1.5	67.126	132.83	99.700	22.300	37.700	24.62	-0.4295	-0.35361	-0.80933	0.18805	
 18:06:42.094	f9:a2:89:42:44:2c	2015-01-01 02:11:45.220	0.747	-0.657	-0.04	0.061	0	0							0	-0.005	-101.475	-41.300	19.800	-1.853	24.35	0.16269	-0.63852	0.33591	-0.67297	
 18:06:42.124	f9:a2:89:42:44:2c	2015-01-01 02:11:45.220	0.747	-0.657	-0.041	0.061	0	0.061							0.005	-0.005	-101.475	-41.300	19.800	-1.853	24.35	0.16269	-0.63852	0.33591	-0.67297	
 18:06:42.169	ff:bd:0d:cb:d7:a7	2015-01-01 02:11:49.105	-0.828	0	-0.56	-0.427	0.244	0							-1.494	67.126	132.83	99.700	22.300	37.700	24.62	-0.4295	-0.35361	-0.80933	0.18805	
 18:06:42.185	f9:a2:89:42:44:2c	2015-01-01 02:11:45.220	0.747	-0.656	-0.042	0	0	0							0.005	-0.005	-101.475	-41.300	19.800	-1.853	24.35	0.16269	-0.63852	0.33591	-0.67297	
 18:06:42.201	ff:bd:0d:cb:d7:a7	2015-01-01 02:11:49.105	-0.828	0	-0.559	-0.366	0.183	-0.122							-1.494	67.126	132.83	99.700	22.300	37.700	24.62	-0.4295	-0.35361	-0.80933	0.18805	
 18:06:42.229	ff:bd:0d:cb:d7:a7	2015-01-01 02:11:49.105	-0.827	0	-0.559	-0.427	0.183	-0.061							-1.5	67.126	132.83	102.300	20.200	40.307	24.62	-0.4295	-0.35361	-0.80933	0.18805	
 18:06:42.274	f9:a2:89:42:44:2c	2015-01-01 02:11:45.220	0.747	-0.657	-0.041	0.061	0	0							0	-0.005	-101.475	-41.700	20.000	3.773	24.35	0.16269	-0.63852	0.33591	-0.67297	
 18:06:42.290	ff:bd:0d:cb:d7:a7	2015-01-01 02:11:49.105	-0.827	0	-0.56	-0.427	0.183	0							-1.5	67.126	132.83	102.300	20.200	40.307	24.62	-0.4295	-0.35361	-0.80933	0.18805	
 18:06:42.304	f9:a2:89:42:44:2c	2015-01-01 02:11:45.220	0.747	-0.657	-0.04	0.061	0	0.061							0	-0.005	-101.475	-41.700	20.000	3.773	24.35	0.16269	-0.63852	0.33591	-0.67297	
 18:06:42.334	f9:a2:89:42:44:2c	2015-01-01 02:11:45.220	0.747	-0.657	-0.041	0	0	0.061							0	-0.005	-101.475	-41.700	20.000	3.773	24.35	0.16269	-0.63852	0.33591	-0.67297	
 18:06:42.350	ff:bd:0d:cb:d7:a7	2015-01-01 02:11:49.105	-0.827	0	-0.56	-0.427	0.244	0							-1.5	67.126	132.83	102.300	20.200	40.307	24.62	-0.4295	-0.35358	-0.80933	0.18805	
 18:06:42.394	f9:a2:89:42:44:2c	2015-01-01 02:11:45.545	0.747	-0.657	-0.041	0	0	0							0	-0.005	-101.475	-41.700	20.000	3.773	24.35	0.16269	-0.63852	0.33591	-0.67297	
 18:06:42.409	ff:bd:0d:cb:d7:a7	2015-01-01 02:11:49.460	-0.827	0	-0.559	-0.366	0.122	-0.061							-1.5	67.126	132.83	102.300	20.200	40.307	24.62	-0.4295	-0.35358	-0.80933	0.18805	
 18:06:42.439	ff:bd:0d:cb:d7:a7	2015-01-01 02:11:49.460	-0.827	0	-0.559	-0.427	0.183	-0.061							-1.5	67.126	132.83	102.300	20.200	40.307	24.62	-0.4295	-0.35358	-0.80933	0.18805	
 18:06:42.454	f9:a2:89:42:44:2c	2015-01-01 02:11:45.545	0.747	-0.657	-0.041	0.061	0	0							0	-0.005	-101.475	-41.700	20.000	3.773	24.35	0.16269	-0.63852	0.33591	-0.67297	
 18:06:42.469	ff:bd:0d:cb:d7:a7	2015-01-01 02:11:49.460	-0.827	0	-0.559	-0.488	0.183	0							-1.5	67.126	132.83	102.300	20.200	40.307	24.62	-0.4295	-0.35358	-0.80933	0.18805	
 18:06:42.514	f9:a2:89:42:44:2c	2015-01-01 02:11:45.545	0.747	-0.657	-0.041	0.061	0	0							0	-0.005	-101.475	-41.700	20.000	3.773	24.35	0.16269	-0.63852	0.33591	-0.67297	
 18:06:42.545	f9:a2:89:42:44:2c	2015-01-01 02:11:45.545	0.747	-0.657	-0.041	0.061	0	0							0	-0.005	-101.475	-41.700	20.000	3.773	24.35	0.16269	-0.63852	0.33591	-0.67297	
 18:06:42.560	ff:bd:0d:cb:d7:a7	2015-01-01 02:11:49.460	-0.827	0	-0.56	-0.427	0.183	0							-1.5	67.126	132.83	102.300	20.200	40.307	24.62	-0.4295	-0.35358	-0.80933	0.18805	
 18:06:42.575	f9:a2:89:42:44:2c	2015-01-01 02:11:45.545	0.747	-0.657	-0.041	0.061	0	0							0	-0.005	-101.475	-43.300	20.700	0.673	24.35	0.16269	-0.63852	0.33591	-0.67297	
 18:06:42.589	ff:bd:0d:cb:d7:a7	2015-01-01 02:11:49.460	-0.826	0	-0.559	-0.427	0.183	-0.061							-1.5	67.126	132.83	102.300	20.200	40.307	24.62	-0.4295	-0.35358	-0.80933	0.18805	
 18:06:42.665	f9:a2:89:42:44:2c	2015-01-01 02:11:45.545	0.763	-0.656	-0.042	0	0	0.061							0	-0.005	-101.475	-43.300	20.700	0.673	24.35	0.16269	-0.63852	0.33591	-0.67297	
 18:06:42.680	ff:bd:0d:cb:d7:a7	2015-01-01 02:11:49.460	-0.872	0	-0.559	-0.427	0.244	-0.061							-1.5	67.126	132.83	100.800	21.200	39.207	24.62	-0.4295	-0.35358	-0.80933	0.18805	
 18:06:42.680	ff:bd:0d:cb:d7:a7	2015-01-01 02:11:49.460	-0.947	0.036	-0.51	-2.136	-56.213	-0.854							-1.516	68.681	132.869	100.800	21.200	39.207	24.62	-0.4295	-0.35358	-0.80933	0.18805	
 18:06:42.696	f9:a2:89:42:44:2c	2015-01-01 02:11:45.545	0.751	-0.665	-0.04	4.822	4.7	-0.244							0.198	-0.011	-101.618	-43.300	20.700	0.673	24.35	0.16269	-0.63852	0.33591	-0.67297	
 18:06:42.755	f9:a2:89:42:44:2c	2015-01-01 02:11:45.905	0.75	-0.675	-0.049	7.08	6.653	0.183							0.791	-0.005	-102.047	-43.300	20.700	0.673	24.35	0.16269	-0.63852	0.33591	-0.67297	
 18:06:42.769	ff:bd:0d:cb:d7:a7	2015-01-01 02:11:49.460	-0.974	0.009	-0.47	-3.174	-78.552	-1.038							-1.604	72.131	132.913	100.800	21.200	39.207	24.62	-0.4447	-0.34961	-0.80139	0.19412	
 18:06:42.814	f9:a2:89:42:44:2c	2015-01-01 02:11:45.905	0.755	-0.676	-0.041	10.01	10.071	0.427							1.708	0	-102.717	-43.300	20.700	0.673	24.35	0.16269	-0.63852	0.33591	-0.67297	
 18:06:42.829	ff:bd:0d:cb:d7:a7	2015-01-01 02:11:49.850	-0.974	0	-0.433	-2.991	-96.375	-1.648							-1.642	76.569	133.033	100.800	21.200	39.207	24.62	-0.4447	-0.34961	-0.80139	0.19412	
 18:06:42.829	ff:bd:0d:cb:d7:a7	2015-01-01 02:11:49.850	-1.01	0.001	-0.374	-3.723	-104.553	-1.465							-1.664	81.661	133.182	100.800	21.200	39.207	24.62	-0.4447	-0.34961	-0.80139	0.19412	
 18:06:42.875	f9:a2:89:42:44:2c	2015-01-01 02:11:45.905	0.762	-0.67	-0.024	12.573	13.184	0.793							2.944	0.022	-103.618	-43.300	20.700	0.673	24.35	0.16269	-0.63852	0.33591	-0.67297	
 18:06:42.905	f9:a2:89:42:44:2c	2015-01-01 02:11:45.905	0.755	-0.668	-0.01	15.076	16.052	1.038							4.46	0.066	-104.722	-43.300	20.700	0.673	24.35	0.16269	-0.63852	0.33591	-0.67297	
 18:06:42.919	ff:bd:0d:cb:d7:a7	2015-01-01 02:11:49.850	-1.008	-0.001	-0.288	-3.906	-109.253	-1.404							-1.681	87.012	133.347	100.800	21.200	39.207	24.62	-0.4447	-0.34961	-0.80139	0.19412	
 18:06:42.935	f9:a2:89:42:44:2c	2015-01-01 02:11:45.905	0.755	-0.667	0.014	17.517	18.616	1.16							6.251	0.143	-106.024	-38.500	23.300	0.527	24.35	0.16269	-0.63852	0.33591	-0.67297	
 18:06:42.980	ff:bd:0d:cb:d7:a7	2015-01-01 02:11:49.850	-1.031	0.004	-0.203	-4.15	-110.84	-1.221							-1.642	92.532	133.572	100.800	21.200	39.207	24.62	-0.4447	-0.34961	-0.80139	0.19412	
 18:06:42.994	f9:a2:89:42:44:2c	2015-01-01 02:11:45.905	0.75	-0.668	0.037	19.714	20.874	1.282							8.273	0.264	-107.49	-38.500	23.300	0.527	24.35	0.16269	-0.63852	0.33591	-0.67297	
 18:06:43.010	ff:bd:0d:cb:d7:a7	2015-01-01 02:11:49.850	-1.02	0.001	-0.102	-3.967	-110.168	-1.343							-0.989	98.015	134.401	100.000	-6.500	29.527	24.62	-0.4447	-0.34961	-0.80139	0.19412	
 18:06:43.040	ff:bd:0d:cb:d7:a7	2015-01-01 02:11:49.850	-1.018	0	-0.011	-4.028	-111.267	-1.343							176.133	98.844	-48.29	100.000	-6.500	29.527	24.62	-0.4447	-0.34961	-0.80139	0.19412	
 18:06:43.055	f9:a2:89:42:44:2c	2015-01-01 02:11:45.905	0.747	-0.665	0.062	22.278	23.56	1.465							10.552	0.445	-109.144	-38.500	23.300	0.527	24.35	0.17422	-0.60504	0.31866	-0.70847	
 18:06:43.100	ff:bd:0d:cb:d7:a7	2015-01-01 02:11:49.850	-0.976	-0.001	0.087	-4.089	-112.305	-1.404							177.155	93.257	-47.082	100.000	-6.500	29.527	24.62	-0.69147	-0.25601	-0.6084	0.29337	
 18:06:43.114	f9:a2:89:42:44:2c	2015-01-01 02:11:46.260	0.736	-0.667	0.09	25.024	26.428	1.587							13.096	0.698	-110.973	-38.500	23.300	0.527	24.35	0.17422	-0.60504	0.31866	-0.70847	
 18:06:43.144	f9:a2:89:42:44:2c	2015-01-01 02:11:46.260	0.74	-0.659	0.127	27.466	28.992	1.648							15.897	1.044	-112.989	-38.500	23.300	0.527	24.35	0.17422	-0.60504	0.31866	-0.70847	
 18:06:43.159	ff:bd:0d:cb:d7:a7	2015-01-01 02:11:50.205	-0.976	-0.002	0.172	-3.967	-111.572	-1.343							177.264	87.621	-46.791	100.000	-6.500	29.527	24.62	-0.69147	-0.25601	-0.6084	0.29337	
 18:06:43.175	f9:a2:89:42:44:2c	2015-01-01 02:11:46.260	0.729	-0.662	0.151	30.762	32.593	2.014							18.94	1.505	-115.159	-38.500	23.300	0.527	24.35	0.17422	-0.60504	0.31866	-0.70847	
 18:06:43.219	ff:bd:0d:cb:d7:a7	2015-01-01 02:11:50.205	-0.934	-0.003	0.28	-4.15	-114.197	-1.343							177.248	81.991	-46.615	100.000	-6.500	29.527	24.62	-0.69147	-0.25601	-0.6084	0.29337	
 18:06:43.249	ff:bd:0d:cb:d7:a7	2015-01-01 02:11:50.205	-0.877	-0.007	0.366	-4.333	-117.676	-1.587							177.188	76.152	-46.472	100.000	-6.500	29.527	24.62	-0.69147	-0.25601	-0.6084	0.29337	
 18:06:43.264	f9:a2:89:42:44:2c	2015-01-01 02:11:46.260	0.715	-0.656	0.19	34.79	36.865	2.319							22.33	2.12	-117.554	-38.500	23.300	0.527	24.35	0.17422	-0.60504	0.31866	-0.70847	
 18:06:43.279	ff:bd:0d:cb:d7:a7	2015-01-01 02:11:50.205	-0.812	-0.01	0.453	-4.089	-117.371	-1.343							177.105	70.247	-46.351	100.000	-6.500	29.527	24.62	-0.69147	-0.25601	-0.6084	0.29337	
 18:06:43.325	f9:a2:89:42:44:2c	2015-01-01 02:11:46.260	0.7	-0.646	0.24	37.72	39.978	2.441							25.983	2.911	-120.103	-38.500	23.300	0.527	24.35	0.17422	-0.60504	0.31866	-0.70847	
 18:06:43.355	f9:a2:89:42:44:2c	2015-01-01 02:11:46.260	0.691	-0.633	0.289	39.978	42.419	2.686							29.795	3.878	-122.717	-29.900	30.300	-4.853	24.35	0.17422	-0.60504	0.31866	-0.70847	
 18:06:43.370	ff:bd:0d:cb:d7:a7	2015-01-01 02:11:50.205	-0.765	-0.015	0.538	-4.028	-114.929	-1.221							177.023	64.396	-46.225	88.300	-33.300	17.827	24.62	-0.69147	-0.25601	-0.6084	0.29337	
 18:06:43.385	f9:a2:89:42:44:2c	2015-01-01 02:11:46.260	0.674	-0.626	0.329	43.64	46.204	2.869							33.734	5.054	-125.365	-29.900	30.300	-4.853	24.35	0.17422	-0.60504	0.31866	-0.70847	
 18:06:43.400	ff:bd:0d:cb:d7:a7	2015-01-01 02:11:50.205	-0.702	-0.02	0.625	-3.906	-116.821	-1.099							176.94	58.568	-46.093	88.300	-33.300	17.827	24.62	-0.69147	-0.25601	-0.6084	0.29337	
 18:06:43.475	f9:a2:89:42:44:2c	2015-01-01 02:11:46.260	0.652	-0.616	0.376	47.058	49.988	3.052							37.831	6.471	-128.051	-29.900	30.300	-4.853	24.35	0.20914	-0.48108	0.25528	-0.8121	
 18:06:43.504	f9:a2:89:42:44:2c	2015-01-01 02:11:46.650	0.626	-0.599	0.427	50.354	53.772	3.235							42.017	8.141	-130.71	-29.900	30.300	-4.853	24.35	0.20914	-0.48108	0.25528	-0.8121	
 18:06:43.520	ff:bd:0d:cb:d7:a7	2015-01-01 02:11:50.205	-0.627	-0.021	0.701	-4.028	-118.652	-1.099							176.847	52.663	-45.961	88.300	-33.300	17.827	24.62	-0.86453	-0.12418	-0.32642	0.36121	
 18:06:43.520	ff:bd:0d:cb:d7:a7	2015-01-01 02:11:50.205	-0.546	-0.02	0.774	-4.517	-120.972	-1.404							176.743	46.664	-45.824	88.300	-33.300	17.827	24.62	-0.86453	-0.12418	-0.32642	0.36121	
 18:06:43.535	f9:a2:89:42:44:2c	2015-01-01 02:11:46.650	0.581	-0.578	0.481	52.002	55.481	3.418							46.165	10.031	-133.242	-29.900	30.300	-4.853	24.35	0.20914	-0.48108	0.25528	-0.8121	
 18:06:43.579	ff:bd:0d:cb:d7:a7	2015-01-01 02:11:50.565	-0.434	-0.021	0.835	-4.578	-121.094	-1.465							176.622	40.644	-45.681	88.300	-33.300	17.827	24.62	-0.86453	-0.12418	-0.32642	0.36121	
 18:06:43.594	f9:a2:89:42:44:2c	2015-01-01 02:11:46.650	0.541	-0.538	0.557	52.979	56.702	3.479							50.229	12.123	-135.604	-29.900	30.300	-4.853	24.35	0.20914	-0.48108	0.25528	-0.8121	
 18:06:43.610	ff:bd:0d:cb:d7:a7	2015-01-01 02:11:50.565	-0.326	-0.028	0.865	-4.822	-122.375	-1.709							176.473	34.552	-45.544	88.300	-33.300	17.827	24.62	-0.86453	-0.12418	-0.32642	0.36121	
 18:06:43.639	ff:bd:0d:cb:d7:a7	2015-01-01 02:11:50.565	-0.216	-0.028	0.899	-4.395	-122.803	-1.343							176.336	28.427	-45.385	88.300	-33.300	17.827	24.62	-0.86453	-0.12418	-0.32642	0.36121	
 18:06:43.684	f9:a2:89:42:44:2c	2015-01-01 02:11:46.650	0.495	-0.506	0.622	52.246	55.603	3.296							54.075	14.337	-137.719	-29.900	30.300	-4.853	24.35	0.20914	-0.48108	0.25528	-0.8121	
 18:06:43.700	ff:bd:0d:cb:d7:a7	2015-01-01 02:11:50.565	-0.131	-0.037	0.914	-4.272	-123.657	-1.404							176.188	22.236	-45.209	88.300	-33.300	17.827	24.62	-0.86453	-0.12418	-0.32642	0.36121	
 18:06:43.715	f9:a2:89:42:44:2c	2015-01-01 02:11:46.650	0.461	-0.464	0.693	49.683	52.917	3.418							57.64	16.6	-139.554	-29.900	30.300	-4.853	24.35	0.20914	-0.48108	0.25528	-0.8121	
 18:06:43.744	f9:a2:89:42:44:2c	2015-01-01 02:11:46.650	0.429	-0.437	0.742	46.021	49.133	3.296							60.837	18.814	-141.092	-7.500	35.600	-3.947	24.35	0.20914	-0.48108	0.25528	-0.8121	
 18:06:43.760	ff:bd:0d:cb:d7:a7	2015-01-01 02:11:50.565	-0.037	-0.042	0.94	-4.395	-127.014	-1.587							176.017	15.947	-45.016	53.800	-57.800	3.560	24.62	-0.86453	-0.12418	-0.32642	0.36121	
 18:06:43.804	f9:a2:89:42:44:2c	2015-01-01 02:11:46.650	0.39	-0.417	0.781	41.26	44.067	2.563							63.622	20.885	-142.339	-7.500	35.600	-3.947	24.35	0.20914	-0.48108	0.25528	-0.8121	
 18:06:43.820	ff:bd:0d:cb:d7:a7	2015-01-01 02:11:50.565	0.103	-0.04	0.957	-4.639	-132.385	-1.465							175.814	9.47	-44.808	53.800	-57.800	3.560	24.62	-0.86453	-0.12418	-0.32642	0.36121	
 18:06:43.850	ff:bd:0d:cb:d7:a7	2015-01-01 02:11:50.565	0.231	-0.041	0.928	-4.883	-135.254	-1.343							175.578	2.78	-44.566	53.800	-57.800	3.560	24.62	-0.92249	0.04602	0.04779	0.38016	
 18:06:43.865	f9:a2:89:42:44:2c	2015-01-01 02:11:46.650	0.367	-0.381	0.835	33.203	35.645	1.953							65.912	22.681	-143.295	-7.500	35.600	-3.947	24.35	0.24564	-0.28943	0.15738	-0.91159	
 18:06:43.880	ff:bd:0d:cb:d7:a7	2015-01-01 02:11:50.565	0.345	-0.048	0.89	-4.822	-135.803	-1.343							175.303	-3.972	-44.28	53.800	-57.800	3.560	24.62	-0.92249	0.04602	0.04779	0.38016	
 18:06:43.924	f9:a2:89:42:44:2c	2015-01-01 02:11:47.065	0.343	-0.351	0.872	23.438	25.208	1.465							67.588	24.06	-143.959	-7.500	35.600	-3.947	24.35	0.24564	-0.28943	0.15738	-0.91159	
 18:06:43.954	f9:a2:89:42:44:2c	2015-01-01 02:11:47.065	0.34	-0.331	0.903	12.573	13.428	0.977							68.648	24.955	-144.355	-7.500	35.600	-3.947	24.35	0.24564	-0.28943	0.15738	-0.91159	
 18:06:43.969	ff:bd:0d:cb:d7:a7	2015-01-01 02:11:50.980	0.435	-0.058	0.845	-4.7	-135.498	-1.831							174.974	-10.805	-43.945	53.800	-57.800	3.560	24.62	-0.92249	0.04602	0.04779	0.38016	
 18:06:43.985	f9:a2:89:42:44:2c	2015-01-01 02:11:47.065	0.353	-0.342	0.899	2.686	2.869	0.244							69.088	25.34	-144.514	-7.500	35.600	-3.947	24.35	0.24564	-0.28943	0.15738	-0.91159	
 18:06:44.029	ff:bd:0d:cb:d7:a7	2015-01-01 02:11:50.980	0.544	-0.057	0.811	-4.761	-135.62	-1.77							174.589	-17.6	-43.555	53.800	-57.800	3.560	24.62	-0.92249	0.04602	0.04779	0.38016	
 18:06:44.061	ff:bd:0d:cb:d7:a7	2015-01-01 02:11:50.980	0.629	-0.06	0.751	-4.639	-129.211	-1.709							174.133	-24.175	-43.094	53.800	-57.800	3.560	24.62	-0.92249	0.04602	0.04779	0.38016	
 18:06:44.074	f9:a2:89:42:44:2c	2015-01-01 02:11:47.065	0.365	-0.341	0.894	-6.409	-5.798	-0.244							68.994	25.269	-144.492	-7.500	35.600	-3.947	24.35	0.24564	-0.28943	0.15738	-0.91159	
 18:06:44.091	ff:bd:0d:cb:d7:a7	2015-01-01 02:11:50.980	0.73	-0.062	0.684	-4.517	-126.16	-1.465							173.584	-30.504	-42.539	53.800	-57.800	3.560	24.62	-0.92249	0.04602	0.04779	0.38016	
 18:06:44.134	f9:a2:89:42:44:2c	2015-01-01 02:11:47.065	0.385	-0.356	0.873	-12.634	-13.489	-0.916							68.445	24.807	-144.3	-7.500	35.600	-3.947	24.35	0.24564	-0.28943	0.15738	-0.91159	
 18:06:44.164	f9:a2:89:42:44:2c	2015-01-01 02:11:47.065	0.403	-0.372	0.849	-18.433	-19.775	-1.038							67.516	24.027	-143.959	-3.600	35.400	-5.933	24.35	0.24564	-0.28943	0.15738	-0.91159	
 18:06:44.181	ff:bd:0d:cb:d7:a7	2015-01-01 02:11:50.980	0.796	-0.062	0.593	-4.517	-122.742	-1.465							172.892	-36.705	-41.847	22.000	-52.200	5.460	24.62	-0.92249	0.04602	0.04779	0.38016	
 18:06:44.195	f9:a2:89:42:44:2c	2015-01-01 02:11:47.065	0.416	-0.396	0.818	-22.339	-23.926	-1.77							66.27	23.005	-143.476	-3.600	35.400	-5.933	24.35	0.24564	-0.28943	0.15738	-0.91159	
 18:06:44.209	ff:bd:0d:cb:d7:a7	2015-01-01 02:11:50.980	0.821	-0.063	0.507	-4.089	-119.324	-1.282							171.991	-42.764	-40.946	22.000	-52.200	5.460	24.62	-0.82455	0.20538	0.40689	0.33508	
 18:06:44.239	ff:bd:0d:cb:d7:a7	2015-01-01 02:11:50.980	0.855	-0.06	0.443	-4.456	-122.314	-1.465							170.744	-48.807	-39.694	22.000	-52.200	5.460	24.62	-0.82455	0.20538	0.40689	0.33508	
 18:06:44.285	f9:a2:89:42:44:2c	2015-01-01 02:11:47.065	0.434	-0.402	0.808	-27.588	-29.541	-1.77							64.726	21.769	-142.85	-3.600	35.400	-5.933	24.35	0.24551	-0.28867	0.15735	-0.9119	
 18:06:44.299	ff:bd:0d:cb:d7:a7	2015-01-01 02:11:51.340	0.914	-0.064	0.354	-4.333	-123.718	-1.465							168.871	-54.882	-37.82	22.000	-52.200	5.460	24.62	-0.82455	0.20538	0.40689	0.33508	
 18:06:44.314	f9:a2:89:42:44:2c	2015-01-01 02:11:47.455	0.467	-0.421	0.788	-31.616	-33.813	-2.075							62.875	20.352	-142.059	-3.600	35.400	-5.933	24.35	0.24551	-0.28867	0.15735	-0.9119	
 18:06:44.344	f9:a2:89:42:44:2c	2015-01-01 02:11:47.455	0.499	-0.446	0.747	-34.79	-37.415	-2.014							60.749	18.787	-141.097	-3.600	35.400	-5.933	24.35	0.24551	-0.28867	0.15735	-0.9119	
 18:06:44.389	ff:bd:0d:cb:d7:a7	2015-01-01 02:11:51.340	0.946	-0.06	0.245	-4.578	-123.413	-1.465							165.729	-60.952	-34.673	22.000	-52.200	5.460	24.62	-0.82455	0.20538	0.40689	0.33508	
 18:06:44.404	f9:a2:89:42:44:2c	2015-01-01 02:11:47.455	0.529	-0.468	0.709	-36.255	-38.879	-2.258							58.425	17.166	-139.988	-3.600	35.400	-5.933	24.35	0.24551	-0.28867	0.15735	-0.9119	
 18:06:44.421	ff:bd:0d:cb:d7:a7	2015-01-01 02:11:51.340	0.973	-0.063	0.133	-4.517	-120.483	-1.465							159.604	-66.802	-28.553	22.000	-52.200	5.460	24.62	-0.82455	0.20538	0.40689	0.33508	
 18:06:44.449	ff:bd:0d:cb:d7:a7	2015-01-01 02:11:51.340	0.963	-0.051	0.018	-4.15	-117.493	-1.221							143.245	-72.18	-12.189	22.000	-52.200	5.460	24.62	-0.82455	0.20538	0.40689	0.33508	
 18:06:44.465	f9:a2:89:42:44:2c	2015-01-01 02:11:47.455	0.551	-0.5	0.662	-36.865	-39.49	-2.502							55.92	15.518	-138.724	-3.600	35.400	-5.933	24.35	0.24551	-0.28867	0.15735	-0.9119	
 18:06:44.511	ff:bd:0d:cb:d7:a7	2015-01-01 02:11:51.340	0.968	-0.058	-0.076	-4.333	-119.263	-1.404							80.321	-75.009	50.729	11.100	-27.800	9.333	24.62	-0.82455	0.20538	0.40689	0.33508	
 18:06:44.524	f9:a2:89:42:44:2c	2015-01-01 02:11:47.455	0.58	-0.514	0.626	-38.879	-41.687	-2.502							53.218	13.859	-137.296	-3.600	35.400	-5.933	24.35	0.24551	-0.28867	0.15735	-0.9119	
 18:06:44.554	f9:a2:89:42:44:2c	2015-01-01 02:11:47.455	0.594	-0.543	0.577	-39.246	-41.931	-2.625							50.306	12.2	-135.687	-21.200	35.700	-2.293	24.35	0.24551	-0.28867	0.15735	-0.9119	
 18:06:44.570	ff:bd:0d:cb:d7:a7	2015-01-01 02:11:51.340	0.924	-0.061	-0.189	-4.089	-117.371	-1.404							27.922	-71.329	103.129	11.100	-27.800	9.333	24.62	-0.61502	0.32162	0.67685	0.24515	
 18:06:44.585	f9:a2:89:42:44:2c	2015-01-01 02:11:47.455	0.622	-0.552	0.546	-40.527	-43.274	-2.625							47.236	10.596	-133.918	-21.200	35.700	-2.293	24.35	0.24551	-0.28867	0.15735	-0.9119	
 18:06:44.629	ff:bd:0d:cb:d7:a7	2015-01-01 02:11:51.665	0.905	-0.057	-0.274	-4.15	-119.202	-1.465							14.584	-65.863	116.477	11.100	-27.800	9.333	24.62	-0.61502	0.32162	0.67685	0.24515	
 18:06:44.660	ff:bd:0d:cb:d7:a7	2015-01-01 02:11:51.665	0.859	-0.053	-0.379	-4.333	-120.056	-1.404							9.218	-60.024	121.844	11.100	-27.800	9.333	24.62	-0.61502	0.32162	0.67685	0.24515	
 18:06:44.689	ff:bd:0d:cb:d7:a7	2015-01-01 02:11:51.665	0.806	-0.05	-0.471	-4.333	-120.483	-1.282							6.394	-54.091	124.651	11.100	-27.800	9.333	24.62	-0.61502	0.32162	0.67685	0.24515	
 18:06:44.704	f9:a2:89:42:44:2c	2015-01-01 02:11:47.455	0.638	-0.572	0.495	-41.26	-44.067	-2.563							43.934	9.02	-131.935	-21.200	35.700	-2.293	24.35	0.21973	-0.43332	0.23141	-0.8428	
 18:06:44.706	f9:a2:89:42:44:2c	2015-01-01 02:11:47.455	0.656	-0.587	0.452	-41.321	-44.128	-2.563							40.479	7.548	-129.76	-21.200	35.700	-2.293	24.35	0.21973	-0.43332	0.23141	-0.8428	
 18:06:44.765	f9:a2:89:42:44:2c	2015-01-01 02:11:47.840	0.679	-0.6	0.407	-40.588	-43.274	-2.563							36.925	6.207	-127.447	-21.200	35.700	-2.293	24.35	0.21973	-0.43332	0.23141	-0.8428	
 18:06:44.779	ff:bd:0d:cb:d7:a7	2015-01-01 02:11:51.665	0.759	-0.053	-0.561	-4.272	-119.568	-1.343							4.675	-48.175	126.365	11.100	-27.800	9.333	24.62	-0.61502	0.32162	0.67685	0.24515	
 18:06:44.794	f9:a2:89:42:44:2c	2015-01-01 02:11:47.840	0.692	-0.619	0.352	-39.612	-42.358	-2.441							33.305	5.004	-125.035	-21.200	35.700	-2.293	24.35	0.21973	-0.43332	0.23141	-0.8428	
 18:06:44.810	ff:bd:0d:cb:d7:a7	2015-01-01 02:11:51.665	0.687	-0.049	-0.654	-4.333	-118.53	-1.282							3.505	-42.275	127.529	11.100	-27.800	9.333	24.62	-0.61502	0.32162	0.67685	0.24515	
 18:06:44.869	ff:bd:0d:cb:d7:a7	2015-01-01 02:11:51.665	0.621	-0.048	-0.731	-4.333	-119.324	-1.282							2.653	-36.37	128.381	21.100	11.300	20.960	24.62	-0.61502	0.32162	0.67685	0.24515	
 18:06:44.884	f9:a2:89:42:44:2c	2015-01-01 02:11:47.840	0.72	-0.63	0.306	-38.696	-41.26	-2.319							29.636	3.939	-122.531	-21.200	35.700	-2.293	24.35	0.21973	-0.43332	0.23141	-0.8428	
 18:06:44.899	ff:bd:0d:cb:d7:a7	2015-01-01 02:11:51.665	0.539	-0.047	-0.82	-4.211	-119.751	-1.465							1.989	-30.372	129.045	21.100	11.300	20.960	24.62	-0.31918	0.39392	0.85339	0.12076	
 18:06:44.916	f9:a2:89:42:44:2c	2015-01-01 02:11:47.840	0.73	-0.647	0.246	-37.17	-39.673	-2.441							25.911	3.005	-119.954	-21.200	35.700	-2.293	24.35	0.21973	-0.43332	0.23141	-0.8428	
 18:06:44.944	f9:a2:89:42:44:2c	2015-01-01 02:11:47.840	0.732	-0.656	0.198	-35.278	-37.72	-2.319							22.225	2.225	-117.361	-36.000	24.400	-1.953	24.35	0.21973	-0.43332	0.23141	-0.8428	
 18:06:44.989	ff:bd:0d:cb:d7:a7	2015-01-01 02:11:52.025	0.441	-0.039	-0.881	-4.272	-119.995	-1.526							1.467	-24.351	129.573	21.100	11.300	20.960	24.62	-0.31918	0.39392	0.85339	0.12076	
 18:06:45.004	f9:a2:89:42:44:2c	2015-01-01 02:11:47.840	0.742	-0.659	0.16	-33.081	-35.339	-2.136							18.66	1.593	-114.829	-36.000	24.400	-1.953	24.35	0.21973	-0.43332	0.23141	-0.8428	
 18:06:45.019	ff:bd:0d:cb:d7:a7	2015-01-01 02:11:52.025	0.344	-0.033	-0.927	-4.272	-119.629	-1.465							1.038	-18.342	130.007	21.100	11.300	20.960	24.62	-0.31918	0.39392	0.85339	0.12076	
 18:06:45.050	ff:bd:0d:cb:d7:a7	2015-01-01 02:11:52.025	0.236	-0.03	-0.972	-4.272	-120.667	-1.465							0.681	-12.299	130.369	21.100	11.300	20.960	24.62	-0.31918	0.39392	0.85339	0.12076	
 18:06:45.094	f9:a2:89:42:44:2c	2015-01-01 02:11:47.840	0.747	-0.662	0.119	-30.823	-32.898	-1.953							15.249	1.099	-112.379	-36.000	24.400	-1.953	24.35	0.18597	-0.57281	0.30231	-0.73877	
 18:06:45.109	ff:bd:0d:cb:d7:a7	2015-01-01 02:11:52.025	0.145	-0.027	-0.999	-4.211	-117.371	-1.465							0.379	-6.361	130.671	21.100	11.300	20.960	24.62	-0.31918	0.39392	0.85339	0.12076	
 18:06:45.123	f9:a2:89:42:44:2c	2015-01-01 02:11:48.260	0.746	-0.663	0.086	-27.222	-29.114	-1.709							12.129	0.731	-110.127	-36.000	24.400	-1.953	24.35	0.18597	-0.57281	0.30231	-0.73877	
 18:06:45.155	f9:a2:89:42:44:2c	2015-01-01 02:11:48.260	0.753	-0.662	0.054	-24.841	-26.611	-1.526							9.305	0.478	-108.078	-36.000	24.400	-1.953	24.35	0.18597	-0.57281	0.30231	-0.73877	
 18:06:45.170	ff:bd:0d:cb:d7:a7	2015-01-01 02:11:52.025	0.033	-0.022	-1.023	-4.272	-117.798	-1.16							0.121	-0.489	130.935	21.100	11.300	20.960	24.62	-0.31918	0.39392	0.85339	0.12076	
 18:06:45.214	f9:a2:89:42:44:2c	2015-01-01 02:11:48.260	0.758	-0.668	0.022	-21.79	-23.071	-1.282							6.784	0.302	-106.243	-36.000	24.400	-1.953	24.35	0.18597	-0.57281	0.30231	-0.73877	
 18:06:45.230	ff:bd:0d:cb:d7:a7	2015-01-01 02:11:52.025	-0.055	-0.022	-1.035	-4.272	-118.652	-1.465							-0.104	5.4	131.166	54.100	35.900	25.673	24.62	-0.31918	0.39392	0.85339	0.12076	
 18:06:45.259	ff:bd:0d:cb:d7:a7	2015-01-01 02:11:52.025	-0.159	-0.021	-1.048	-4.211	-118.408	-1.282							-0.302	11.31	131.375	54.100	35.900	25.673	24.62	0.01526	0.41113	0.91119	-0.01822	
 18:06:45.275	f9:a2:89:42:44:2c	2015-01-01 02:11:48.260	0.757	-0.672	-0.006	-18.494	-19.958	-1.16							4.581	0.198	-104.634	-36.000	24.400	-1.953	24.35	0.18597	-0.57281	0.30231	-0.73877	
 18:06:45.289	ff:bd:0d:cb:d7:a7	2015-01-01 02:11:52.025	-0.267	-0.019	-1.041	-4.333	-119.263	-1.221							-0.489	17.238	131.561	54.100	35.900	25.673	24.62	0.01526	0.41113	0.91119	-0.01822	
 18:06:45.334	f9:a2:89:42:44:2c	2015-01-01 02:11:48.260	0.763	-0.674	-0.029	-15.32	-16.663	-0.977							2.725	0.143	-103.277	-36.000	24.400	-1.953	24.35	0.18597	-0.57281	0.30231	-0.73877	
 18:06:45.364	f9:a2:89:42:44:2c	2015-01-01 02:11:48.260	0.762	-0.674	-0.049	-12.085	-13	-0.793							1.192	0.115	-102.151	-42.900	20.500	2.847	24.35	0.18597	-0.57281	0.30231	-0.73877	
 18:06:45.378	ff:bd:0d:cb:d7:a7	2015-01-01 02:11:52.380	-0.362	-0.014	-1.022	-4.395	-122.498	-1.648							-0.654	23.313	131.743	54.100	35.900	25.673	24.62	0.01526	0.41113	0.91119	-0.01822	
 18:06:45.395	f9:a2:89:42:44:2c	2015-01-01 02:11:48.260	0.76	-0.673	-0.059	-8.789	-9.644	-0.61							0.011	0.11	-101.288	-42.900	20.500	2.847	24.35	0.18597	-0.57281	0.30231	-0.73877	
 18:06:45.410	ff:bd:0d:cb:d7:a7	2015-01-01 02:11:52.380	-0.46	-0.007	-0.996	-4.333	-123.23	-1.404							-0.807	29.509	131.907	54.100	35.900	25.673	24.62	0.01526	0.41113	0.91119	-0.01822	
 18:06:45.470	ff:bd:0d:cb:d7:a7	2015-01-01 02:11:52.380	-0.583	-0.006	-0.952	-4.333	-121.399	-1.465							-0.95	35.678	132.061	54.100	35.900	25.673	24.62	0.01526	0.41113	0.91119	-0.01822	
 18:06:45.485	f9:a2:89:42:44:2c	2015-01-01 02:11:48.645	0.759	-0.67	-0.07	-5.493	-5.737	-0.305							-0.791	0.11	-100.701	-42.900	20.500	2.847	24.35	0.16376	-0.64093	0.33649	-0.67014	
 18:06:45.500	ff:bd:0d:cb:d7:a7	2015-01-01 02:11:52.380	-0.671	-0.004	-0.886	-4.333	-123.84	-1.465							-1.077	41.836	132.209	54.100	35.900	25.673	24.62	0.01526	0.41113	0.91119	-0.01822	
 18:06:45.515	f9:a2:89:42:44:2c	2015-01-01 02:11:48.645	0.757	-0.667	-0.073	-2.38	-2.686	-0.122							-1.23	0.11	-100.377	-42.900	20.500	2.847	24.35	0.16376	-0.64093	0.33649	-0.67014	
 18:06:45.575	f9:a2:89:42:44:2c	2015-01-01 02:11:48.645	0.763	-0.667	-0.075	0.549	0.427	0							-1.335	0.11	-100.3	-42.900	20.500	2.847	24.35	0.16376	-0.64093	0.33649	-0.67014	
 18:06:45.589	ff:bd:0d:cb:d7:a7	2015-01-01 02:11:52.380	-0.71	-0.003	-0.827	-4.456	-126.587	-1.404							-1.203	48.104	132.352	93.400	31.600	36.613	24.62	0.01526	0.41113	0.91119	-0.01822	
 18:06:45.604	f9:a2:89:42:44:2c	2015-01-01 02:11:48.645	0.757	-0.668	-0.07	3.601	3.662	0.122							-1.121	0.104	-100.448	-42.900	20.500	2.847	24.35	0.16376	-0.64093	0.33649	-0.67014	
 18:06:45.619	ff:bd:0d:cb:d7:a7	2015-01-01 02:11:52.380	-0.792	0	-0.777	-4.456	-124.084	-1.404							-1.318	54.41	132.484	93.400	31.600	36.613	24.62	0.33612	0.37524	0.85062	-0.15012	
 18:06:45.651	ff:bd:0d:cb:d7:a7	2015-01-01 02:11:52.380	-0.843	0	-0.688	-4.15	-121.704	-1.526							-1.423	60.551	132.616	93.400	31.600	36.613	24.62	0.33612	0.37524	0.85062	-0.15012	
 18:06:45.694	f9:a2:89:42:44:2c	2015-01-01 02:11:48.645	0.755	-0.666	-0.064	6.531	6.714	0.366							-0.56	0.093	-100.854	-42.900	20.500	2.847	24.35	0.16376	-0.64093	0.33649	-0.67014	
 18:06:45.709	ff:bd:0d:cb:d7:a7	2015-01-01 02:11:52.740	-0.917	0.006	-0.599	-4.517	-120.3	-1.16							-1.5	66.676	132.759	93.400	31.600	36.613	24.62	0.33612	0.37524	0.85062	-0.15012	
 18:06:45.724	f9:a2:89:42:44:2c	2015-01-01 02:11:48.645	0.757	-0.662	-0.051	8.972	9.521	0.549							0.302	0.093	-101.481	-42.000	20.100	1.193	24.35	0.16376	-0.64093	0.33649	-0.67014	
 18:06:45.755	f9:a2:89:42:44:2c	2015-01-01 02:11:48.645	0.758	-0.666	-0.041	11.597	12.146	0.671							1.439	0.093	-102.305	-42.000	20.100	1.193	24.35	0.16376	-0.64093	0.33649	-0.67014	
 18:06:45.800	ff:bd:0d:cb:d7:a7	2015-01-01 02:11:52.740	-0.965	0.001	-0.497	-4.517	-119.69	-1.099							-1.593	72.719	132.891	93.400	31.600	36.613	24.62	0.33612	0.37524	0.85062	-0.15012	
 18:06:45.814	f9:a2:89:42:44:2c	2015-01-01 02:11:48.645	0.76	-0.667	-0.025	13.672	14.526	0.916							2.834	0.121	-103.321	-42.000	20.100	1.193	24.35	0.16779	-0.62979	0.33057	-0.6825	
 18:06:45.830	ff:bd:0d:cb:d7:a7	2015-01-01 02:11:52.740	-1.017	0.005	-0.393	-4.456	-117.004	-0.854							-1.67	78.657	133.022	93.400	31.600	36.613	24.62	0.33612	0.37524	0.85062	-0.15012	
 18:06:45.861	ff:bd:0d:cb:d7:a7	2015-01-01 02:11:52.740	-1.043	-0.002	-0.29	-4.395	-118.53	-1.404							-1.796	84.501	133.11	93.400	31.600	36.613	24.62	0.33612	0.37524	0.85062	-0.15012	
 18:06:45.875	f9:a2:89:42:44:2c	2015-01-01 02:11:49.000	0.761	-0.671	-0.014	16.479	17.395	1.099							4.482	0.17	-104.518	-42.000	20.100	1.193	24.35	0.16779	-0.62979	0.33057	-0.6825	
 18:06:45.920	ff:bd:0d:cb:d7:a7	2015-01-01 02:11:52.740	-1.012	-0.001	-0.189	-4.333	-120.361	-1.465							-2.12	90.428	133.039	104.200	-2.400	37.020	24.62	0.33612	0.37524	0.85062	-0.15012	
 18:06:45.934	f9:a2:89:42:44:2c	2015-01-01 02:11:49.000	0.751	-0.671	0.005	19.226	20.447	1.221							6.405	0.253	-105.914	-42.000	20.100	1.193	24.35	0.16779	-0.62979	0.33057	-0.6825	
 18:06:45.964	f9:a2:89:42:44:2c	2015-01-01 02:11:49.000	0.75	-0.665	0.04	21.667	23.071	1.404							8.635	0.396	-107.529	-42.000	20.100	1.193	24.35	0.16779	-0.62979	0.33057	-0.6825	
 18:06:45.979	ff:bd:0d:cb:d7:a7	2015-01-01 02:11:52.740	-1.021	0	-0.104	-4.333	-119.08	-1.404							-2.878	96.438	132.545	104.200	-2.400	37.020	24.62	0.62671	0.28745	0.67355	-0.26611	
 18:06:45.995	f9:a2:89:42:44:2c	2015-01-01 02:11:49.000	0.743	-0.665	0.065	24.414	25.757	1.587							11.113	0.599	-109.319	-42.000	20.100	1.193	24.35	0.16779	-0.62979	0.33057	-0.6825	
 18:06:46.039	ff:bd:0d:cb:d7:a7	2015-01-01 02:11:53.065	-1	0.001	0.004	-4.272	-118.713	-1.465							-178.27	100.031	-42.616	104.200	-2.400	37.020	24.62	0.62671	0.28745	0.67355	-0.26611	
 18:06:46.071	ff:bd:0d:cb:d7:a7	2015-01-01 02:11:53.065	-0.974	-0.002	0.098	-4.272	-118.103	-1.831							178.462	94.076	-45.632	104.200	-2.400	37.020	24.62	0.62671	0.28745	0.67355	-0.26611	
 18:06:46.084	f9:a2:89:42:44:2c	2015-01-01 02:11:49.000	0.734	-0.662	0.099	27.1	28.687	1.709							13.854	0.895	-111.292	-36.400	26.300	-0.080	24.35	0.16779	-0.62979	0.33057	-0.6825	
 18:06:46.099	ff:bd:0d:cb:d7:a7	2015-01-01 02:11:53.065	-0.937	-0.001	0.203	-4.089	-116.821	-1.221							178.055	88.16	-45.824	104.200	-2.400	37.020	24.62	0.62671	0.28745	0.67355	-0.26611	
 18:06:46.174	f9:a2:89:42:44:2c	2015-01-01 02:11:49.000	0.726	-0.659	0.136	29.602	31.311	1.892							16.853	1.302	-113.428	-36.400	26.300	-0.080	24.35	0.16779	-0.62979	0.33057	-0.6825	
 18:06:46.174	f9:a2:89:42:44:2c	2015-01-01 02:11:49.000	0.722	-0.654	0.175	31.921	33.875	2.014							20.05	1.851	-115.686	-36.400	26.300	-0.080	24.35	0.16779	-0.62979	0.33057	-0.6825	
 18:06:46.191	ff:bd:0d:cb:d7:a7	2015-01-01 02:11:53.065	-0.907	-0.007	0.297	-4.15	-114.563	-1.343							177.83	82.31	-45.84	104.200	-2.400	37.020	24.62	0.62671	0.28745	0.67355	-0.26611	
 18:06:46.204	f9:a2:89:42:44:2c	2015-01-01 02:11:49.000	0.714	-0.649	0.212	34.363	36.438	2.258							23.417	2.527	-118.043	-36.400	26.300	-0.080	24.35	0.19034	-0.56143	0.29593	-0.74893	
 18:06:46.250	ff:bd:0d:cb:d7:a7	2015-01-01 02:11:53.065	-0.862	-0.009	0.397	-4.028	-113.159	-1.282							177.66	76.586	-45.824	104.200	-2.400	37.020	24.62	0.62671	0.28745	0.67355	-0.26611	
 18:06:46.279	ff:bd:0d:cb:d7:a7	2015-01-01 02:11:53.065	-0.809	-0.005	0.487	-4.089	-113.037	-1.282							177.523	70.911	-45.775	91.600	-31.900	18.200	24.62	0.62671	0.28745	0.67355	-0.26611	
 18:06:46.294	f9:a2:89:42:44:2c	2015-01-01 02:11:49.420	0.702	-0.644	0.251	37.17	39.673	2.441							26.966	3.362	-120.476	-36.400	26.300	-0.080	24.35	0.19034	-0.56143	0.29593	-0.74893	
 18:06:46.310	ff:bd:0d:cb:d7:a7	2015-01-01 02:11:53.065	-0.75	-0.012	0.569	-3.967	-113.037	-1.221							177.396	65.231	-45.703	91.600	-31.900	18.200	24.62	0.62671	0.28745	0.67355	-0.26611	
 18:06:46.324	f9:a2:89:42:44:2c	2015-01-01 02:11:49.420	0.688	-0.634	0.296	40.161	42.603	2.625							30.696	4.373	-123.003	-36.400	26.300	-0.080	24.35	0.19034	-0.56143	0.29593	-0.74893	
 18:06:46.354	f9:a2:89:42:44:2c	2015-01-01 02:11:49.420	0.674	-0.622	0.345	42.053	44.8	2.93							34.525	5.587	-125.519	-36.400	26.300	-0.080	24.35	0.19034	-0.56143	0.29593	-0.74893	
 18:06:46.400	ff:bd:0d:cb:d7:a7	2015-01-01 02:11:53.065	-0.686	-0.018	0.649	-3.784	-111.694	-1.16							177.275	59.595	-45.632	91.600	-31.900	18.200	24.62	0.84042	0.15222	0.38538	-0.34912	
 18:06:46.415	f9:a2:89:42:44:2c	2015-01-01 02:11:49.420	0.656	-0.611	0.385	45.288	48.401	3.052							38.436	6.987	-128.046	-36.400	26.300	-0.080	24.35	0.19034	-0.56143	0.29593	-0.74893	
 18:06:46.429	ff:bd:0d:cb:d7:a7	2015-01-01 02:11:53.455	-0.616	-0.017	0.724	-4.211	-113.281	-1.16							177.149	53.948	-45.544	91.600	-31.900	18.200	24.62	0.84042	0.15222	0.38538	-0.34912	
 18:06:46.459	ff:bd:0d:cb:d7:a7	2015-01-01 02:11:53.455	-0.526	-0.024	0.787	-3.967	-115.417	-1.099							177.017	48.241	-45.456	91.600	-31.900	18.200	24.62	0.84042	0.15222	0.38538	-0.34912	
 18:06:46.518	ff:bd:0d:cb:d7:a7	2015-01-01 02:11:53.455	-0.443	-0.018	0.841	-4.517	-116.638	-1.343							176.891	42.44	-45.352	91.600	-31.900	18.200	24.62	0.84042	0.15222	0.38538	-0.34912	
 18:06:46.534	f9:a2:89:42:44:2c	2015-01-01 02:11:49.420	0.622	-0.593	0.434	47.974	51.453	3.296							42.407	8.619	-130.512	-20.400	35.800	-5.533	24.35	0.19034	-0.56143	0.29593	-0.74893	
 18:06:46.536	f9:a2:89:42:44:2c	2015-01-01 02:11:49.420	0.591	-0.571	0.494	49.988	53.772	3.235							46.384	10.464	-132.902	-20.400	35.800	-5.533	24.35	0.22989	-0.40808	0.21829	-0.85608	
 18:06:46.564	f9:a2:89:42:44:2c	2015-01-01 02:11:49.420	0.547	-0.546	0.547	50.72	54.199	3.235							50.224	12.469	-135.093	-20.400	35.800	-5.533	24.35	0.22989	-0.40808	0.21829	-0.85608	
 18:06:46.579	ff:bd:0d:cb:d7:a7	2015-01-01 02:11:53.455	-0.339	-0.023	0.888	-4.456	-117.004	-1.343							176.759	36.645	-45.236	91.600	-31.900	18.200	24.62	0.84042	0.15222	0.38538	-0.34912	
 18:06:46.624	f9:a2:89:42:44:2c	2015-01-01 02:11:49.420	0.506	-0.514	0.616	50.232	53.65	3.235							53.899	14.59	-137.087	-20.400	35.800	-5.533	24.35	0.22989	-0.40808	0.21829	-0.85608	
 18:06:46.639	ff:bd:0d:cb:d7:a7	2015-01-01 02:11:53.455	-0.238	-0.033	0.912	-4.272	-118.408	-1.404							176.616	30.773	-45.11	91.600	-31.900	18.200	24.62	0.84042	0.15222	0.38538	-0.34912	
 18:06:46.670	ff:bd:0d:cb:d7:a7	2015-01-01 02:11:53.455	-0.122	-0.036	0.934	-4.395	-121.094	-1.343							176.457	24.791	-44.967	63.700	-56.000	5.153	24.62	0.84042	0.15222	0.38538	-0.34912	
 18:06:46.685	f9:a2:89:42:44:2c	2015-01-01 02:11:49.775	0.465	-0.48	0.678	48.95	52.002	3.052							57.343	16.782	-138.823	-20.400	35.800	-5.533	24.35	0.22989	-0.40808	0.21829	-0.85608	
 18:06:46.701	ff:bd:0d:cb:d7:a7	2015-01-01 02:11:53.455	-0.026	-0.041	0.939	-4.456	-122.986	-1.526							176.287	18.671	-44.813	63.700	-56.000	5.153	24.62	0.84042	0.15222	0.38538	-0.34912	
 18:06:46.745	f9:a2:89:42:44:2c	2015-01-01 02:11:49.775	0.432	-0.437	0.74	45.105	48.096	2.991							60.469	18.94	-140.317	-20.400	35.800	-5.533	24.35	0.22989	-0.40808	0.21829	-0.85608	
 18:06:46.774	f9:a2:89:42:44:2c	2015-01-01 02:11:49.775	0.391	-0.412	0.785	40.039	42.847	2.747							63.193	20.956	-141.498	-20.400	35.800	-5.533	24.35	0.22989	-0.40808	0.21829	-0.85608	
 18:06:46.789	ff:bd:0d:cb:d7:a7	2015-01-01 02:11:53.840	0.091	-0.043	0.947	-4.578	-126.526	-1.404							176.094	12.431	-44.637	63.700	-56.000	5.153	24.62	0.92435	-0.0058	0.03775	-0.37949	
 18:06:46.804	f9:a2:89:42:44:2c	2015-01-01 02:11:49.775	0.374	-0.379	0.838	32.776	35.217	2.319							65.462	22.731	-142.427	-20.400	35.800	-5.533	24.35	0.22989	-0.40808	0.21829	-0.85608	
 18:06:46.820	ff:bd:0d:cb:d7:a7	2015-01-01 02:11:53.840	0.2	-0.051	0.925	-4.761	-129.822	-1.587							175.864	5.982	-44.434	63.700	-56.000	5.153	24.62	0.92435	-0.0058	0.03775	-0.37949	
 18:06:46.878	ff:bd:0d:cb:d7:a7	2015-01-01 02:11:53.840	0.315	-0.042	0.916	-4.639	-131.775	-1.526							175.633	-0.582	-44.198	63.700	-56.000	5.153	24.62	0.92435	-0.0058	0.03775	-0.37949	
 18:06:46.894	f9:a2:89:42:44:2c	2015-01-01 02:11:49.775	0.355	-0.363	0.861	23.926	25.818	1.648							67.176	24.131	-143.064	-5.000	36.700	-4.420	24.35	0.22989	-0.40808	0.21829	-0.85608	
 18:06:46.908	ff:bd:0d:cb:d7:a7	2015-01-01 02:11:53.840	0.426	-0.049	0.875	-4.7	-130.554	-1.16							175.353	-7.108	-43.923	63.700	-56.000	5.153	24.62	0.92435	-0.0058	0.03775	-0.37949	
 18:06:46.924	f9:a2:89:42:44:2c	2015-01-01 02:11:49.775	0.35	-0.354	0.879	14.648	15.503	0.671							68.302	25.076	-143.459	-5.000	36.700	-4.420	24.35	0.22989	-0.40808	0.21829	-0.85608	
 18:06:46.985	f9:a2:89:42:44:2c	2015-01-01 02:11:49.775	0.356	-0.337	0.894	5.005	5.31	0.366							68.862	25.56	-143.619	-5.000	36.700	-4.420	24.35	0.25821	-0.25052	0.13815	-0.9227	
 18:06:47.001	ff:bd:0d:cb:d7:a7	2015-01-01 02:11:53.840	0.549	-0.059	0.82	-4.578	-128.784	-1.648							175.029	-13.568	-43.605	63.700	-56.000	5.153	24.62	0.92435	-0.0058	0.03775	-0.37949	
 18:06:47.015	f9:a2:89:42:44:2c	2015-01-01 02:11:50.165	0.358	-0.346	0.883	-3.174	-2.93	-0.488							68.912	25.604	-143.613	-5.000	36.700	-4.420	24.35	0.25821	-0.25052	0.13815	-0.9227	
 18:06:47.029	ff:bd:0d:cb:d7:a7	2015-01-01 02:11:53.840	0.605	-0.059	0.747	-4.333	-126.953	-1.221							174.639	-20.023	-43.22	28.700	-54.200	3.547	24.62	0.92435	-0.0058	0.03775	-0.37949	
 18:06:47.061	ff:bd:0d:cb:d7:a7	2015-01-01 02:11:53.840	0.685	-0.058	0.704	-4.395	-124.817	-1.526							174.177	-26.334	-42.803	28.700	-54.200	3.547	24.62	0.92435	-0.0058	0.03775	-0.37949	
 18:06:47.104	f9:a2:89:42:44:2c	2015-01-01 02:11:50.165	0.372	-0.356	0.873	-10.437	-11.353	-0.732							68.489	25.263	-143.427	-5.000	36.700	-4.420	24.35	0.25821	-0.25052	0.13815	-0.9227	
 18:06:47.120	ff:bd:0d:cb:d7:a7	2015-01-01 02:11:53.840	0.75	-0.061	0.633	-4.456	-122.986	-1.465							173.611	-32.536	-42.27	28.700	-54.200	3.547	24.62	0.86276	-0.16663	-0.32388	-0.35056	
 18:06:47.134	f9:a2:89:42:44:2c	2015-01-01 02:11:50.165	0.392	-0.368	0.86	-16.602	-17.944	-1.099							67.681	24.582	-143.097	-5.000	36.700	-4.420	24.35	0.25821	-0.25052	0.13815	-0.9227	
 18:06:47.164	f9:a2:89:42:44:2c	2015-01-01 02:11:50.165	0.417	-0.381	0.839	-21.79	-23.254	-1.343							66.544	23.643	-142.614	-5.000	36.700	-4.420	24.35	0.25821	-0.25052	0.13815	-0.9227	
 18:06:47.210	ff:bd:0d:cb:d7:a7	2015-01-01 02:11:54.200	0.831	-0.063	0.558	-4.456	-121.46	-1.465							172.897	-38.606	-41.611	28.700	-54.200	3.547	24.62	0.86276	-0.16663	-0.32388	-0.35056	
 18:06:47.224	f9:a2:89:42:44:2c	2015-01-01 02:11:50.165	0.445	-0.403	0.812	-26.001	-27.771	-1.526							65.099	22.484	-142.004	-5.000	36.700	-4.420	24.35	0.25821	-0.25052	0.13815	-0.9227	
 18:06:47.240	ff:bd:0d:cb:d7:a7	2015-01-01 02:11:54.200	0.889	-0.064	0.456	-4.395	-119.934	-1.404							171.953	-44.621	-40.699	28.700	-54.200	3.547	24.62	0.86276	-0.16663	-0.32388	-0.35056	
 18:06:47.269	ff:bd:0d:cb:d7:a7	2015-01-01 02:11:54.200	0.914	-0.065	0.357	-4.15	-116.455	-1.465							170.656	-50.51	-39.452	28.700	-54.200	3.547	24.62	0.86276	-0.16663	-0.32388	-0.35056	
 18:06:47.286	f9:a2:89:42:44:2c	2015-01-01 02:11:50.165	0.464	-0.426	0.776	-28.687	-30.579	-1.77							63.419	21.176	-141.246	-7.200	34.800	-3.580	24.35	0.25821	-0.25052	0.13815	-0.9227	
 18:06:47.329	ff:bd:0d:cb:d7:a7	2015-01-01 02:11:54.200	0.941	-0.062	0.272	-4.211	-116.516	-1.404							168.723	-56.316	-37.551	28.700	-54.200	3.547	24.62	0.86276	-0.16663	-0.32388	-0.35056	
 18:06:47.345	f9:a2:89:42:44:2c	2015-01-01 02:11:50.165	0.489	-0.443	0.752	-31.494	-33.63	-1.953							61.507	19.748	-140.367	-7.200	34.800	-3.580	24.35	0.25037	-0.31931	0.17212	-0.89758	
 18:06:47.375	f9:a2:89:42:44:2c	2015-01-01 02:11:50.520	0.521	-0.465	0.719	-34.302	-36.499	-2.258							59.348	18.215	-139.312	-7.200	34.800	-3.580	24.35	0.25037	-0.31931	0.17212	-0.89758	
 18:06:47.390	ff:bd:0d:cb:d7:a7	2015-01-01 02:11:54.200	0.974	-0.064	0.171	-4.211	-117.859	-1.404							165.438	-62.122	-34.31	12.900	-36.100	7.427	24.62	0.86276	-0.16663	-0.32388	-0.35056	
 18:06:47.404	f9:a2:89:42:44:2c	2015-01-01 02:11:50.520	0.533	-0.489	0.676	-35.95	-38.452	-2.258							56.964	16.606	-138.109	-7.200	34.800	-3.580	24.35	0.25037	-0.31931	0.17212	-0.89758	
 18:06:47.451	ff:bd:0d:cb:d7:a7	2015-01-01 02:11:54.200	0.937	-0.063	0.066	-4.272	-116.455	-1.404							158.67	-67.841	-27.581	12.900	-36.100	7.427	24.62	0.7027	-0.28271	-0.5881	-0.28336	
 18:06:47.480	ff:bd:0d:cb:d7:a7	2015-01-01 02:11:54.525	0.945	-0.066	-0.016	-3.967	-120.544	-1.404							138.422	-73.12	-7.366	12.900	-36.100	7.427	24.62	0.7027	-0.28271	-0.5881	-0.28336	
 18:06:47.494	f9:a2:89:42:44:2c	2015-01-01 02:11:50.520	0.557	-0.494	0.655	-38.757	-41.077	-2.502							54.366	14.958	-136.719	-7.200	34.800	-3.580	24.35	0.25037	-0.31931	0.17212	-0.89758	
 18:06:47.510	ff:bd:0d:cb:d7:a7	2015-01-01 02:11:54.525	0.944	-0.063	-0.127	-4.517	-122.864	-1.404							61.831	-74.784	69.192	12.900	-36.100	7.427	24.62	0.7027	-0.28271	-0.5881	-0.28336	
 18:06:47.525	f9:a2:89:42:44:2c	2015-01-01 02:11:50.520	0.586	-0.521	0.612	-40.894	-43.701	-2.625							51.476	13.255	-135.121	-7.200	34.800	-3.580	24.35	0.25037	-0.31931	0.17212	-0.89758	
 18:06:47.599	ff:bd:0d:cb:d7:a7	2015-01-01 02:11:54.525	0.907	-0.062	-0.24	-4.578	-122.437	-1.465							22.258	-70.098	108.732	12.900	-36.100	7.427	24.62	0.7027	-0.28271	-0.5881	-0.28336	
 18:06:47.614	f9:a2:89:42:44:2c	2015-01-01 02:11:50.520	0.605	-0.544	0.56	-41.687	-44.678	-2.625							48.373	11.58	-133.319	-7.200	34.800	-3.580	24.35	0.25037	-0.31931	0.17212	-0.89758	
 18:06:47.629	ff:bd:0d:cb:d7:a7	2015-01-01 02:11:54.525	0.884	-0.057	-0.337	-4.395	-122.62	-1.404							12.145	-64.308	118.823	12.900	-36.100	7.427	24.62	0.7027	-0.28271	-0.5881	-0.28336	
 18:06:47.644	f9:a2:89:42:44:2c	2015-01-01 02:11:50.520	0.637	-0.562	0.521	-41.992	-45.105	-2.625							45.115	9.97	-131.364	-22.900	34.000	-4.667	24.35	0.25037	-0.31931	0.17212	-0.89758	
 18:06:47.690	ff:bd:0d:cb:d7:a7	2015-01-01 02:11:54.525	0.835	-0.058	-0.451	-4.395	-122.925	-1.465							7.828	-58.288	123.118	12.900	-36.100	7.427	24.62	0.7027	-0.28271	-0.5881	-0.28336	
 18:06:47.705	f9:a2:89:42:44:2c	2015-01-01 02:11:50.520	0.663	-0.587	0.462	-42.175	-45.105	-2.747							41.666	8.438	-129.199	-22.900	34.000	-4.667	24.35	0.25037	-0.31931	0.17212	-0.89758	
 18:06:47.721	ff:bd:0d:cb:d7:a7	2015-01-01 02:11:54.525	0.787	-0.056	-0.557	-4.395	-123.718	-1.465							5.444	-52.136	125.497	16.300	-2.100	16.180	24.62	0.7027	-0.28271	-0.5881	-0.28336	
 18:06:47.734	f9:a2:89:42:44:2c	2015-01-01 02:11:50.520	0.684	-0.606	0.405	-42.053	-44.861	-2.747							38.04	6.998	-126.876	-22.900	34.000	-4.667	24.35	0.22186	-0.4758	0.24899	-0.81381	
 18:06:47.764	f9:a2:89:42:44:2c	2015-01-01 02:11:50.520	0.69	-0.622	0.351	-40.894	-43.518	-2.563							34.299	5.702	-124.398	-22.900	34.000	-4.667	24.35	0.22186	-0.4758	0.24899	-0.81381	
 18:06:47.809	ff:bd:0d:cb:d7:a7	2015-01-01 02:11:54.525	0.692	-0.049	-0.646	-4.272	-122.253	-1.465							3.939	-45.967	126.985	16.300	-2.100	16.180	24.62	0.42453	-0.37558	-0.80679	-0.16632	
 18:06:47.825	f9:a2:89:42:44:2c	2015-01-01 02:11:50.940	0.697	-0.625	0.314	-39.795	-42.297	-2.502							30.547	4.554	-121.86	-22.900	34.000	-4.667	24.35	0.22186	-0.4758	0.24899	-0.81381	
 18:06:47.839	ff:bd:0d:cb:d7:a7	2015-01-01 02:11:54.885	0.616	-0.045	-0.713	-4.272	-122.62	-1.465							2.911	-39.842	128.018	16.300	-2.100	16.180	24.62	0.42453	-0.37558	-0.80679	-0.16632	
 18:06:47.871	ff:bd:0d:cb:d7:a7	2015-01-01 02:11:54.885	0.547	-0.042	-0.784	-4.456	-123.596	-1.282							2.153	-33.701	128.771	16.300	-2.100	16.180	24.62	0.42453	-0.37558	-0.80679	-0.16632	
 18:06:47.915	f9:a2:89:42:44:2c	2015-01-01 02:11:50.940	0.716	-0.633	0.271	-38.757	-41.565	-2.502							26.763	3.571	-119.24	-22.900	34.000	-4.667	24.35	0.22186	-0.4758	0.24899	-0.81381	
 18:06:47.930	ff:bd:0d:cb:d7:a7	2015-01-01 02:11:54.885	0.45	-0.037	-0.858	-4.517	-123.291	-1.221							1.56	-27.532	129.359	16.300	-2.100	16.180	24.62	0.42453	-0.37558	-0.80679	-0.16632	
 18:06:47.974	f9:a2:89:42:44:2c	2015-01-01 02:11:50.940	0.729	-0.647	0.215	-36.926	-39.429	-2.258							23.011	2.73	-116.614	-22.900	34.000	-4.667	24.35	0.22186	-0.4758	0.24899	-0.81381	
 18:06:47.974	f9:a2:89:42:44:2c	2015-01-01 02:11:50.940	0.747	-0.656	0.17	-34.302	-36.804	-2.136							19.396	2.06	-114.038	-22.900	34.000	-4.667	24.35	0.22186	-0.4758	0.24899	-0.81381	
 18:06:47.991	ff:bd:0d:cb:d7:a7	2015-01-01 02:11:54.885	0.357	-0.036	-0.919	-4.456	-122.375	-1.404							1.093	-21.418	129.825	16.300	-2.100	16.180	24.62	0.42453	-0.37558	-0.80679	-0.16632	
 18:06:48.034	f9:a2:89:42:44:2c	2015-01-01 02:11:50.940	0.755	-0.666	0.12	-31.616	-33.63	-1.953							15.941	1.527	-111.566	-22.900	34.000	-4.667	24.35	0.22186	-0.4758	0.24899	-0.81381	
 18:06:48.050	ff:bd:0d:cb:d7:a7	2015-01-01 02:11:54.885	0.262	-0.035	-0.974	-4.333	-122.437	-1.587							0.703	-15.266	130.21	16.300	-2.100	16.180	24.62	0.42453	-0.37558	-0.80679	-0.16632	
 18:06:48.079	ff:bd:0d:cb:d7:a7	2015-01-01 02:11:54.885	0.143	-0.032	-1.015	-4.395	-123.352	-1.526							0.374	-9.047	130.54	42.000	32.700	25.080	24.62	0.42453	-0.37558	-0.80679	-0.16632	
 18:06:48.095	f9:a2:89:42:44:2c	2015-01-01 02:11:50.940	0.75	-0.67	0.077	-28.931	-30.945	-1.831							12.673	1.121	-109.21	-40.700	22.800	-0.387	24.35	0.22186	-0.4758	0.24899	-0.81381	
 18:06:48.110	ff:bd:0d:cb:d7:a7	2015-01-01 02:11:54.885	0.026	-0.024	-1.024	-4.395	-122.559	-1.465							0.093	-2.862	130.825	42.000	32.700	25.080	24.62	0.42453	-0.37558	-0.80679	-0.16632	
 18:06:48.184	f9:a2:89:42:44:2c	2015-01-01 02:11:50.940	0.75	-0.667	0.049	-25.696	-27.344	-1.587							9.717	0.835	-107.067	-40.700	22.800	-0.387	24.35	0.18567	-0.60855	0.31387	-0.70465	
 18:06:48.184	f9:a2:89:42:44:2c	2015-01-01 02:11:50.940	0.753	-0.665	0.024	-22.827	-24.292	-1.404							7.075	0.643	-105.139	-40.700	22.800	-0.387	24.35	0.18567	-0.60855	0.31387	-0.70465	
 18:06:48.200	ff:bd:0d:cb:d7:a7	2015-01-01 02:11:55.240	-0.077	-0.021	-1.033	-4.395	-124.634	-1.404							-0.154	3.34	131.072	42.000	32.700	25.080	24.62	0.08743	-0.41205	-0.90652	-0.02551	
 18:06:48.215	f9:a2:89:42:44:2c	2015-01-01 02:11:51.325	0.762	-0.664	-0.001	-19.714	-21.118	-1.16							4.763	0.522	-103.453	-40.700	22.800	-0.387	24.35	0.18567	-0.60855	0.31387	-0.70465	
 18:06:48.229	ff:bd:0d:cb:d7:a7	2015-01-01 02:11:55.240	-0.16	-0.017	-1.044	-4.517	-126.16	-1.343							-0.374	9.619	131.292	42.000	32.700	25.080	24.62	0.08743	-0.41205	-0.90652	-0.02551	
 18:06:48.289	ff:bd:0d:cb:d7:a7	2015-01-01 02:11:55.240	-0.271	-0.016	-1.051	-4.395	-123.413	-1.343							-0.571	15.864	131.479	42.000	32.700	25.080	24.62	0.08743	-0.41205	-0.90652	-0.02551	
 18:06:48.304	f9:a2:89:42:44:2c	2015-01-01 02:11:51.325	0.76	-0.672	-0.032	-15.747	-16.846	-0.916							2.829	0.461	-102.041	-40.700	22.800	-0.387	24.35	0.18567	-0.60855	0.31387	-0.70465	
 18:06:48.319	ff:bd:0d:cb:d7:a7	2015-01-01 02:11:55.240	-0.381	-0.012	-1.022	-4.333	-121.46	-1.343							-0.747	22.006	131.655	42.000	32.700	25.080	24.62	0.08743	-0.41205	-0.90652	-0.02551	
 18:06:48.333	f9:a2:89:42:44:2c	2015-01-01 02:11:51.325	0.759	-0.671	-0.047	-12.024	-12.878	-0.732							1.318	0.428	-100.937	-40.700	22.800	-0.387	24.35	0.18567	-0.60855	0.31387	-0.70465	
 18:06:48.395	f9:a2:89:42:44:2c	2015-01-01 02:11:51.325	0.763	-0.67	-0.06	-8.545	-9.277	-0.549							0.198	0.417	-100.113	-40.700	22.800	-0.387	24.35	0.18567	-0.60855	0.31387	-0.70465	
 18:06:48.410	ff:bd:0d:cb:d7:a7	2015-01-01 02:11:55.240	-0.454	-0.01	-0.983	-4.333	-121.704	-1.404							-0.901	28.081	131.803	42.000	32.700	25.080	24.62	0.08743	-0.41205	-0.90652	-0.02551	
 18:06:48.425	f9:a2:89:42:44:2c	2015-01-01 02:11:51.325	0.758	-0.672	-0.071	-5.127	-5.615	-0.305							-0.566	0.412	-99.553	-42.700	19.700	1.813	24.35	0.18567	-0.60855	0.31387	-0.70465	
 18:06:48.441	ff:bd:0d:cb:d7:a7	2015-01-01 02:11:55.240	-0.564	-0.006	-0.956	-4.333	-119.934	-1.526							-1.049	34.2	131.951	85.600	37.700	33.787	24.62	0.08743	-0.41205	-0.90652	-0.02551	
 18:06:48.471	ff:bd:0d:cb:d7:a7	2015-01-01 02:11:55.240	-0.662	-0.003	-0.889	-4.211	-117.798	-1.404							-1.187	40.193	132.083	85.600	37.700	33.787	24.62	0.08743	-0.41205	-0.90652	-0.02551	
 18:06:48.514	f9:a2:89:42:44:2c	2015-01-01 02:11:51.325	0.755	-0.668	-0.073	-2.075	-2.319	-0.122							-0.972	0.412	-99.256	-42.700	19.700	1.813	24.35	0.17258	-0.64566	0.3316	-0.6658	
 18:06:48.529	ff:bd:0d:cb:d7:a7	2015-01-01 02:11:55.240	-0.763	-0.002	-0.824	-4.272	-119.507	-1.282							-1.313	46.181	132.209	85.600	37.700	33.787	24.62	-0.26465	-0.38837	-0.87445	0.11981	
 18:06:48.545	f9:a2:89:42:44:2c	2015-01-01 02:11:51.685	0.762	-0.665	-0.072	0.549	0.366	0.122							-1.06	0.406	-99.19	-42.700	19.700	1.813	24.35	0.17258	-0.64566	0.3316	-0.6658	
 18:06:48.574	f9:a2:89:42:44:2c	2015-01-01 02:11:51.685	0.757	-0.666	-0.072	3.418	3.479	0.122							-0.851	0.396	-99.338	-42.700	19.700	1.813	24.35	0.17258	-0.64566	0.3316	-0.6658	
 18:06:48.619	ff:bd:0d:cb:d7:a7	2015-01-01 02:11:55.600	-0.789	-0.001	-0.745	-4.395	-122.437	-1.404							-1.445	52.224	132.319	85.600	37.700	33.787	24.62	-0.26465	-0.38837	-0.87445	0.11981	
 18:06:48.634	f9:a2:89:42:44:2c	2015-01-01 02:11:51.685	0.756	-0.668	-0.065	6.226	6.47	0.305							-0.33	0.385	-99.717	-42.700	19.700	1.813	24.35	0.17258	-0.64566	0.3316	-0.6658	
 18:06:48.649	ff:bd:0d:cb:d7:a7	2015-01-01 02:11:55.600	-0.849	0	-0.691	-4.272	-119.507	-1.465							-1.571	58.288	132.429	85.600	37.700	33.787	24.62	-0.26465	-0.38837	-0.87445	0.11981	
 18:06:48.679	ff:bd:0d:cb:d7:a7	2015-01-01 02:11:55.600	-0.896	0	-0.603	-4.211	-117.188	-1.404							-1.697	64.199	132.523	85.600	37.700	33.787	24.62	-0.26465	-0.38837	-0.87445	0.11981	
 18:06:48.696	f9:a2:89:42:44:2c	2015-01-01 02:11:51.685	0.755	-0.666	-0.054	8.606	8.972	0.488							0.472	0.379	-100.3	-42.700	19.700	1.813	24.35	0.17258	-0.64566	0.3316	-0.6658	
 18:06:48.741	ff:bd:0d:cb:d7:a7	2015-01-01 02:11:55.600	-0.94	0.001	-0.516	-4.15	-115.234	-1.282							-1.818	70.054	132.605	85.600	37.700	33.787	24.62	-0.26465	-0.38837	-0.87445	0.11981	
 18:06:48.755	f9:a2:89:42:44:2c	2015-01-01 02:11:51.685	0.754	-0.665	-0.041	10.864	11.353	0.671							1.533	0.385	-101.074	-42.700	19.700	1.813	24.35	0.17258	-0.64566	0.3316	-0.6658	
 18:06:48.785	f9:a2:89:42:44:2c	2015-01-01 02:11:51.685	0.753	-0.665	-0.026	13.306	14.038	0.793							2.851	0.401	-102.036	-42.200	21.200	0.433	24.35	0.17258	-0.64566	0.3316	-0.6658	
 18:06:48.800	ff:bd:0d:cb:d7:a7	2015-01-01 02:11:55.600	-0.969	0.001	-0.424	-4.15	-116.15	-1.404							-1.945	75.899	132.682	102.700	7.500	35.600	24.62	-0.26465	-0.38837	-0.87445	0.11981	
 18:06:48.815	f9:a2:89:42:44:2c	2015-01-01 02:11:51.685	0.755	-0.664	-0.006	15.503	16.296	0.977							4.427	0.445	-103.178	-42.200	21.200	0.433	24.35	0.17258	-0.64566	0.3316	-0.6658	
 18:06:48.860	ff:bd:0d:cb:d7:a7	2015-01-01 02:11:55.600	-1.012	0.002	-0.327	-4.089	-114.136	-1.465							-2.06	81.716	132.764	102.700	7.500	35.600	24.62	-0.54135	-0.32111	-0.74142	0.23239	
 18:06:48.889	ff:bd:0d:cb:d7:a7	2015-01-01 02:11:55.925	-1.02	0.003	-0.22	-4.15	-115.784	-1.465							-2.637	87.435	132.435	102.700	7.500	35.600	24.62	-0.54135	-0.32111	-0.74142	0.23239	
 18:06:48.904	f9:a2:89:42:44:2c	2015-01-01 02:11:51.685	0.752	-0.667	0.01	18.066	19.043	1.16							6.251	0.522	-104.502	-42.200	21.200	0.433	24.35	0.18106	-0.62186	0.31955	-0.69159	
 18:06:48.920	ff:bd:0d:cb:d7:a7	2015-01-01 02:11:55.925	-1.016	0.002	-0.118	-4.211	-116.455	-1.465							-3.477	93.301	131.83	102.700	7.500	35.600	24.62	-0.54135	-0.32111	-0.74142	0.23239	
 18:06:48.935	f9:a2:89:42:44:2c	2015-01-01 02:11:52.040	0.747	-0.667	0.033	20.691	21.851	1.282							8.355	0.648	-106.029	-42.200	21.200	0.433	24.35	0.18106	-0.62186	0.31955	-0.69159	
 18:06:48.996	f9:a2:89:42:44:2c	2015-01-01 02:11:52.040	0.75	-0.666	0.061	23.193	24.475	1.404							10.717	0.835	-107.732	-42.200	21.200	0.433	24.35	0.18106	-0.62186	0.31955	-0.69159	
 18:06:49.009	ff:bd:0d:cb:d7:a7	2015-01-01 02:11:55.925	-1.02	0	-0.02	-4.15	-116.089	-1.221							-8.855	99.185	126.694	102.700	7.500	35.600	24.62	-0.54135	-0.32111	-0.74142	0.23239	
 18:06:49.024	f9:a2:89:42:44:2c	2015-01-01 02:11:52.040	0.747	-0.666	0.086	25.513	26.917	1.648							13.31	1.099	-109.6	-42.200	21.200	0.433	24.35	0.18106	-0.62186	0.31955	-0.69159	
 18:06:49.039	ff:bd:0d:cb:d7:a7	2015-01-01 02:11:55.925	-1.012	-0.003	0.089	-4.089	-114.563	-1.16							-178.506	97.388	-42.726	102.700	7.500	35.600	24.62	-0.54135	-0.32111	-0.74142	0.23239	
 18:06:49.100	ff:bd:0d:cb:d7:a7	2015-01-01 02:11:55.925	-0.994	-0.002	0.194	-4.089	-112.976	-1.282							179.28	91.686	-44.709	102.700	7.500	35.600	24.62	-0.54135	-0.32111	-0.74142	0.23239	
 18:06:49.114	f9:a2:89:42:44:2c	2015-01-01 02:11:52.040	0.746	-0.667	0.114	27.71	29.48	1.892							16.1	1.461	-111.588	-42.200	21.200	0.433	24.35	0.18106	-0.62186	0.31955	-0.69159	
 18:06:49.129	ff:bd:0d:cb:d7:a7	2015-01-01 02:11:55.925	-0.935	-0.007	0.292	-4.15	-114.258	-1.343							178.561	86.012	-45.253	95.800	-20.800	25.273	24.62	-0.54135	-0.32111	-0.74142	0.23239	
 18:06:49.175	f9:a2:89:42:44:2c	2015-01-01 02:11:52.040	0.731	-0.665	0.145	30.762	32.776	1.953							19.111	1.934	-113.725	-42.200	21.200	0.433	24.35	0.18106	-0.62186	0.31955	-0.69159	
 18:06:49.175	f9:a2:89:42:44:2c	2015-01-01 02:11:52.040	0.72	-0.658	0.19	33.508	35.522	2.136							22.357	2.554	-115.999	-42.200	21.200	0.433	24.35	0.18106	-0.62186	0.31955	-0.69159	
 18:06:49.219	ff:bd:0d:cb:d7:a7	2015-01-01 02:11:55.925	-0.888	-0.007	0.374	-4.211	-112.976	-1.465							178.187	80.31	-45.445	95.800	-20.800	25.273	24.62	-0.77283	-0.20877	-0.50528	0.32205	
 18:06:49.234	f9:a2:89:42:44:2c	2015-01-01 02:11:52.040	0.707	-0.65	0.231	35.583	37.964	2.258							25.768	3.312	-118.361	-31.400	27.300	-3.487	24.35	0.18106	-0.62186	0.31955	-0.69159	
 18:06:49.249	ff:bd:0d:cb:d7:a7	2015-01-01 02:11:56.285	-0.828	-0.009	0.461	-4.15	-111.145	-1.648							177.935	74.696	-45.522	95.800	-20.800	25.273	24.62	-0.77283	-0.20877	-0.50528	0.32205	
 18:06:49.279	ff:bd:0d:cb:d7:a7	2015-01-01 02:11:56.285	-0.785	-0.011	0.54	-3.967	-108.765	-1.465							177.737	69.186	-45.538	95.800	-20.800	25.273	24.62	-0.77283	-0.20877	-0.50528	0.32205	
 18:06:49.324	f9:a2:89:42:44:2c	2015-01-01 02:11:52.040	0.698	-0.639	0.281	37.598	39.917	2.441							29.301	4.241	-120.751	-31.400	27.300	-3.487	24.35	0.21298	-0.52133	0.27017	-0.78085	
 18:06:49.339	ff:bd:0d:cb:d7:a7	2015-01-01 02:11:56.285	-0.707	-0.012	0.625	-4.028	-109.863	-1.282							177.578	63.721	-45.511	95.800	-20.800	25.273	24.62	-0.77283	-0.20877	-0.50528	0.32205	
 18:06:49.355	f9:a2:89:42:44:2c	2015-01-01 02:11:52.460	0.674	-0.633	0.319	40.588	43.091	2.686							32.937	5.323	-123.179	-31.400	27.300	-3.487	24.35	0.21298	-0.52133	0.27017	-0.78085	
 18:06:49.384	f9:a2:89:42:44:2c	2015-01-01 02:11:52.460	0.655	-0.614	0.375	42.786	45.654	2.869							36.7	6.608	-125.623	-31.400	27.300	-3.487	24.35	0.21298	-0.52133	0.27017	-0.78085	
 18:06:49.400	ff:bd:0d:cb:d7:a7	2015-01-01 02:11:56.285	-0.639	-0.014	0.685	-3.906	-109.558	-1.221							177.44	58.211	-45.456	95.800	-20.800	25.273	24.62	-0.77283	-0.20877	-0.50528	0.32205	
 18:06:49.444	f9:a2:89:42:44:2c	2015-01-01 02:11:52.460	0.631	-0.601	0.421	44.983	48.035	2.869							40.485	8.069	-128.024	-31.400	27.300	-3.487	24.35	0.21298	-0.52133	0.27017	-0.78085	
 18:06:49.460	ff:bd:0d:cb:d7:a7	2015-01-01 02:11:56.285	-0.554	-0.02	0.752	-3.906	-109.741	-1.282							177.314	52.723	-45.39	95.800	-20.800	25.273	24.62	-0.77283	-0.20877	-0.50528	0.32205	
 18:06:49.489	ff:bd:0d:cb:d7:a7	2015-01-01 02:11:56.285	-0.477	-0.022	0.805	-4.089	-110.901	-1.221							177.182	47.181	-45.319	79.600	-46.300	10.187	24.62	-0.77283	-0.20877	-0.50528	0.32205	
 18:06:49.520	ff:bd:0d:cb:d7:a7	2015-01-01 02:11:56.285	-0.377	-0.027	0.852	-4.15	-114.746	-1.343							177.039	41.501	-45.231	79.600	-46.300	10.187	24.62	-0.77283	-0.20877	-0.50528	0.32205	
 18:06:49.535	f9:a2:89:42:44:2c	2015-01-01 02:11:52.460	0.603	-0.578	0.474	47.18	50.11	3.113							44.297	9.734	-130.347	-31.400	27.300	-3.487	24.35	0.21298	-0.52133	0.27017	-0.78085	
 18:06:49.566	f9:a2:89:42:44:2c	2015-01-01 02:11:52.460	0.563	-0.555	0.528	49.561	52.856	3.296							48.115	11.607	-132.594	-31.400	27.300	-3.487	24.35	0.21298	-0.52133	0.27017	-0.78085	
 18:06:49.594	f9:a2:89:42:44:2c	2015-01-01 02:11:52.460	0.53	-0.519	0.597	49.866	53.345	3.357							51.861	13.656	-134.676	-16.600	35.100	-3.333	24.35	0.21298	-0.52133	0.27017	-0.78085	
 18:06:49.610	ff:bd:0d:cb:d7:a7	2015-01-01 02:11:56.640	-0.286	-0.031	0.883	-4.211	-116.15	-1.343							176.891	35.689	-45.132	79.600	-46.300	10.187	24.62	-0.89914	-0.07745	-0.21899	0.37079	
 18:06:49.624	f9:a2:89:42:44:2c	2015-01-01 02:11:52.460	0.488	-0.486	0.65	49.5	52.979	3.479							55.421	15.809	-136.56	-16.600	35.100	-3.333	24.35	0.21298	-0.52133	0.27017	-0.78085	
 18:06:49.639	ff:bd:0d:cb:d7:a7	2015-01-01 02:11:56.640	-0.187	-0.037	0.913	-4.333	-119.08	-1.404							176.732	29.773	-45.022	79.600	-46.300	10.187	24.62	-0.89914	-0.07745	-0.21899	0.37079	
 18:06:49.700	ff:bd:0d:cb:d7:a7	2015-01-01 02:11:56.640	-0.086	-0.039	0.935	-4.395	-123.535	-1.404							176.567	23.659	-44.896	79.600	-46.300	10.187	24.62	-0.89914	-0.07745	-0.21899	0.37079	
 18:06:49.715	f9:a2:89:42:44:2c	2015-01-01 02:11:52.845	0.448	-0.458	0.706	47.852	51.208	3.357							58.76	18.023	-138.192	-16.600	35.100	-3.333	24.35	0.2532	-0.34567	0.18359	-0.88464	
 18:06:49.729	ff:bd:0d:cb:d7:a7	2015-01-01 02:11:56.640	0.021	-0.044	0.942	-4.333	-127.93	-1.587							176.375	17.314	-44.742	79.600	-46.300	10.187	24.62	-0.89914	-0.07745	-0.21899	0.37079	
 18:06:49.744	f9:a2:89:42:44:2c	2015-01-01 02:11:52.845	0.418	-0.425	0.763	43.884	46.875	2.991							61.776	20.171	-139.581	-16.600	35.100	-3.333	24.35	0.2532	-0.34567	0.18359	-0.88464	
 18:06:49.804	f9:a2:89:42:44:2c	2015-01-01 02:11:52.845	0.385	-0.403	0.803	37.17	39.734	2.441							64.314	22.11	-140.647	-16.600	35.100	-3.333	24.35	0.2532	-0.34567	0.18359	-0.88464	
 18:06:49.819	ff:bd:0d:cb:d7:a7	2015-01-01 02:11:56.640	0.14	-0.043	0.948	-4.456	-129.517	-1.526							176.177	10.882	-44.572	79.600	-46.300	10.187	24.62	-0.89914	-0.07745	-0.21899	0.37079	
 18:06:49.834	f9:a2:89:42:44:2c	2015-01-01 02:11:52.845	0.355	-0.381	0.84	29.175	31.25	1.892							66.324	23.714	-141.443	-16.600	35.100	-3.333	24.35	0.2532	-0.34567	0.18359	-0.88464	
 18:06:49.850	ff:bd:0d:cb:d7:a7	2015-01-01 02:11:56.640	0.274	-0.044	0.93	-4.7	-131.897	-1.343							175.952	4.329	-44.368	46.200	-60.500	3.253	24.62	-0.89914	-0.07745	-0.21899	0.37079	
 18:06:49.879	ff:bd:0d:cb:d7:a7	2015-01-01 02:11:56.640	0.389	-0.052	0.878	-4.7	-133.789	-1.221							175.693	-2.357	-44.127	46.200	-60.500	3.253	24.62	-0.89914	-0.07745	-0.21899	0.37079	
 18:06:49.924	f9:a2:89:42:44:2c	2015-01-01 02:11:52.845	0.346	-0.353	0.88	19.775	21.24	1.221							67.775	24.922	-141.954	-16.600	35.100	-3.333	24.35	0.2532	-0.34567	0.18359	-0.88464	
 18:06:49.940	ff:bd:0d:cb:d7:a7	2015-01-01 02:11:56.640	0.458	-0.054	0.833	-4.639	-130.92	-1.77							175.397	-9.047	-43.852	46.200	-60.500	3.253	24.62	-0.91287	0.08524	0.14291	0.37262	
 18:06:49.954	f9:a2:89:42:44:2c	2015-01-01 02:11:52.845	0.349	-0.337	0.899	9.033	9.827	0.916							68.621	25.637	-142.234	-2.200	35.900	-4.980	24.35	0.2532	-0.34567	0.18359	-0.88464	
 18:06:50.014	f9:a2:89:42:44:2c	2015-01-01 02:11:52.845	0.354	-0.343	0.89	0.244	0.244	0.061							68.895	25.873	-142.289	-2.200	35.900	-4.980	24.35	0.2532	-0.34567	0.18359	-0.88464	
 18:06:50.029	ff:bd:0d:cb:d7:a7	2015-01-01 02:11:57.000	0.571	-0.052	0.806	-4.7	-131.348	-1.526							175.051	-15.628	-43.528	46.200	-60.500	3.253	24.62	-0.91287	0.08524	0.14291	0.37262	
 18:06:50.046	f9:a2:89:42:44:2c	2015-01-01 02:11:52.845	0.374	-0.354	0.881	-7.69	-7.996	-0.61							68.676	25.692	-142.196	-2.200	35.900	-4.980	24.35	0.26956	-0.25146	0.13684	-0.91937	
 18:06:50.060	ff:bd:0d:cb:d7:a7	2015-01-01 02:11:57.000	0.693	-0.057	0.733	-4.517	-128.723	-1.282							174.644	-22.11	-43.149	46.200	-60.500	3.253	24.62	-0.91287	0.08524	0.14291	0.37262	
 18:06:50.089	ff:bd:0d:cb:d7:a7	2015-01-01 02:11:57.000	0.759	-0.063	0.641	-4.395	-122.986	-1.526							174.161	-28.427	-42.731	46.200	-60.500	3.253	24.62	-0.91287	0.08524	0.14291	0.37262	
 18:06:50.105	f9:a2:89:42:44:2c	2015-01-01 02:11:52.845	0.393	-0.365	0.864	-14.282	-15.137	-0.732							68.033	25.148	-141.91	-2.200	35.900	-4.980	24.35	0.26956	-0.25146	0.13684	-0.91937	
 18:06:50.150	ff:bd:0d:cb:d7:a7	2015-01-01 02:11:57.000	0.781	-0.062	0.567	-4.272	-119.324	-1.343							173.573	-34.519	-42.193	46.200	-60.500	3.253	24.62	-0.91287	0.08524	0.14291	0.37262	
 18:06:50.165	f9:a2:89:42:44:2c	2015-01-01 02:11:53.230	0.405	-0.383	0.836	-19.104	-20.325	-1.221							67.039	24.318	-141.509	-2.200	35.900	-4.980	24.35	0.26956	-0.25146	0.13684	-0.91937	
 18:06:50.194	f9:a2:89:42:44:2c	2015-01-01 02:11:53.230	0.423	-0.392	0.824	-23.926	-25.635	-1.648							65.742	23.258	-140.949	-2.200	35.900	-4.980	24.35	0.26956	-0.25146	0.13684	-0.91937	
 18:06:50.210	ff:bd:0d:cb:d7:a7	2015-01-01 02:11:57.000	0.84	-0.059	0.507	-4.272	-120.972	-1.221							172.826	-40.54	-41.506	18.900	-48.300	6.373	24.62	-0.91287	0.08524	0.14291	0.37262	
 18:06:50.225	f9:a2:89:42:44:2c	2015-01-01 02:11:53.230	0.442	-0.411	0.798	-28.625	-30.579	-1.953							64.111	21.962	-140.246	-2.200	35.900	-4.980	24.35	0.26956	-0.25146	0.13684	-0.91937	
 18:06:50.300	ff:bd:0d:cb:d7:a7	2015-01-01 02:11:57.000	0.868	-0.061	0.414	-4.333	-123.047	-1.282							171.777	-46.686	-40.496	18.900	-48.300	6.373	24.62	-0.80243	0.22064	0.44858	0.32568	
 18:06:50.300	ff:bd:0d:cb:d7:a7	2015-01-01 02:11:57.000	0.904	-0.064	0.33	-4.333	-121.704	-1.465							170.283	-52.74	-39.067	18.900	-48.300	6.373	24.62	-0.80243	0.22064	0.44858	0.32568	
 18:06:50.315	f9:a2:89:42:44:2c	2015-01-01 02:11:53.230	0.467	-0.426	0.779	-31.799	-34.119	-2.014							62.227	20.528	-139.378	-2.200	35.900	-4.980	24.35	0.26956	-0.25146	0.13684	-0.91937	
 18:06:50.329	ff:bd:0d:cb:d7:a7	2015-01-01 02:11:57.325	0.936	-0.063	0.229	-4.517	-122.681	-1.404							167.904	-58.777	-36.727	18.900	-48.300	6.373	24.62	-0.80243	0.22064	0.44858	0.32568	
 18:06:50.345	f9:a2:89:42:44:2c	2015-01-01 02:11:53.230	0.498	-0.448	0.747	-35.095	-37.598	-2.197							60.095	18.968	-138.367	-2.200	35.900	-4.980	24.35	0.26956	-0.25146	0.13684	-0.91937	
 18:06:50.404	f9:a2:89:42:44:2c	2015-01-01 02:11:53.230	0.538	-0.466	0.707	-37.842	-40.405	-2.136							57.695	17.314	-137.159	-14.100	37.100	-6.187	24.35	0.26956	-0.25146	0.13684	-0.91937	
 18:06:50.420	ff:bd:0d:cb:d7:a7	2015-01-01 02:11:57.325	0.973	-0.078	0.113	-4.761	-123.047	-2.747							163.477	-64.803	-32.36	18.900	-48.300	6.373	24.62	-0.80243	0.22064	0.44858	0.32568	
 18:06:50.435	f9:a2:89:42:44:2c	2015-01-01 02:11:53.230	0.564	-0.504	0.652	-38.452	-41.016	-2.563							55.08	15.623	-135.791	-14.100	37.100	-6.187	24.35	0.2533	-0.37119	0.19388	-0.87198	
 18:06:50.448	ff:bd:0d:cb:d7:a7	2015-01-01 02:11:57.325	0.979	-0.074	-0.016	-4.15	-120.728	-1.526							152.644	-70.609	-21.561	18.900	-48.300	6.373	24.62	-0.80243	0.22064	0.44858	0.32568	
 18:06:50.510	ff:bd:0d:cb:d7:a7	2015-01-01 02:11:57.325	0.951	-0.062	-0.115	-4.333	-119.08	-1.404							109.122	-75.048	21.907	18.900	-48.300	6.373	24.62	-0.80243	0.22064	0.44858	0.32568	
 18:06:50.524	f9:a2:89:42:44:2c	2015-01-01 02:11:53.620	0.58	-0.524	0.609	-39.307	-41.992	-2.441							52.306	13.947	-134.258	-14.100	37.100	-6.187	24.35	0.2533	-0.37119	0.19388	-0.87198	
 18:06:50.540	ff:bd:0d:cb:d7:a7	2015-01-01 02:11:57.325	0.939	-0.058	-0.208	-4.272	-118.774	-1.343							34.865	-73.01	96.136	13.000	-17.200	11.460	24.62	-0.80243	0.22064	0.44858	0.32568	
 18:06:50.585	f9:a2:89:42:44:2c	2015-01-01 02:11:53.620	0.612	-0.542	0.575	-40.1	-42.725	-2.625							49.378	12.31	-132.589	-14.100	37.100	-6.187	24.35	0.2533	-0.37119	0.19388	-0.87198	
 18:06:50.585	f9:a2:89:42:44:2c	2015-01-01 02:11:53.620	0.628	-0.567	0.521	-40.344	-43.152	-2.686							46.252	10.717	-130.721	-14.100	37.100	-6.187	24.35	0.2533	-0.37119	0.19388	-0.87198	
 18:06:50.630	ff:bd:0d:cb:d7:a7	2015-01-01 02:11:57.325	0.896	-0.058	-0.321	-4.15	-118.469	-1.465							15.958	-67.626	114.999	13.000	-17.200	11.460	24.62	-0.57373	0.33508	0.711	0.23001	
 18:06:50.644	f9:a2:89:42:44:2c	2015-01-01 02:11:53.620	0.639	-0.578	0.481	-40.1	-42.847	-2.625							43	9.207	-128.727	-14.100	37.100	-6.187	24.35	0.2533	-0.37119	0.19388	-0.87198	
 18:06:50.660	ff:bd:0d:cb:d7:a7	2015-01-01 02:11:57.325	0.844	-0.054	-0.405	-4.15	-117.065	-1.465							9.624	-61.875	121.317	13.000	-17.200	11.460	24.62	-0.57373	0.33508	0.711	0.23001	
 18:06:50.689	ff:bd:0d:cb:d7:a7	2015-01-01 02:11:57.715	0.777	-0.047	-0.489	-4.333	-117.554	-1.221							6.52	-56.069	124.387	13.000	-17.200	11.460	24.62	-0.57373	0.33508	0.711	0.23001	
 18:06:50.735	f9:a2:89:42:44:2c	2015-01-01 02:11:53.620	0.654	-0.591	0.44	-40.161	-43.03	-2.563							39.628	7.795	-126.573	-14.100	37.100	-6.187	24.35	0.2533	-0.37119	0.19388	-0.87198	
 18:06:50.750	ff:bd:0d:cb:d7:a7	2015-01-01 02:11:57.715	0.752	-0.049	-0.571	-4.272	-120.422	-1.404							4.653	-50.158	126.238	13.000	-17.200	11.460	24.62	-0.57373	0.33508	0.711	0.23001	
 18:06:50.765	f9:a2:89:42:44:2c	2015-01-01 02:11:53.620	0.683	-0.598	0.401	-40.71	-43.457	-2.563							36.112	6.482	-124.283	-30.900	29.200	-3.247	24.35	0.2533	-0.37119	0.19388	-0.87198	
 18:06:50.796	f9:a2:89:42:44:2c	2015-01-01 02:11:53.620	0.696	-0.625	0.335	-39.307	-42.053	-2.38							32.476	5.301	-121.844	-30.900	29.200	-3.247	24.35	0.2533	-0.37119	0.19388	-0.87198	
 18:06:50.810	ff:bd:0d:cb:d7:a7	2015-01-01 02:11:57.715	0.668	-0.046	-0.678	-4.272	-118.591	-1.221							3.406	-44.187	127.469	13.000	-17.200	11.460	24.62	-0.57373	0.33508	0.711	0.23001	
 18:06:50.870	ff:bd:0d:cb:d7:a7	2015-01-01 02:11:57.715	0.593	-0.045	-0.744	-4.333	-116.638	-1.221							2.538	-38.353	128.337	13.000	-17.200	11.460	24.62	-0.57373	0.33508	0.711	0.23001	
 18:06:50.885	f9:a2:89:42:44:2c	2015-01-01 02:11:53.620	0.714	-0.632	0.295	-37.476	-40.039	-2.258							28.911	4.279	-119.41	-30.900	29.200	-3.247	24.35	0.22098	-0.52328	0.26605	-0.77875	
 18:06:50.900	ff:bd:0d:cb:d7:a7	2015-01-01 02:11:57.715	0.516	-0.044	-0.822	-4.089	-117.371	-1.465							1.873	-32.498	128.985	28.300	18.800	18.347	24.62	-0.57373	0.33508	0.711	0.23001	
 18:06:50.914	f9:a2:89:42:44:2c	2015-01-01 02:11:54.005	0.726	-0.645	0.245	-36.072	-38.452	-2.258							25.329	3.4	-116.917	-30.900	29.200	-3.247	24.35	0.22098	-0.52328	0.26605	-0.77875	
 18:06:50.930	ff:bd:0d:cb:d7:a7	2015-01-01 02:11:57.715	0.435	-0.039	-0.887	-4.272	-119.202	-1.465							1.346	-26.537	129.512	28.300	18.800	18.347	24.62	-0.57373	0.33508	0.711	0.23001	
 18:06:50.975	f9:a2:89:42:44:2c	2015-01-01 02:11:54.005	0.74	-0.653	0.196	-34.79	-37.231	-2.258							21.764	2.648	-114.406	-30.900	29.200	-3.247	24.35	0.22098	-0.52328	0.26605	-0.77875	
 18:06:51.021	ff:bd:0d:cb:d7:a7	2015-01-01 02:11:58.040	0.327	-0.036	-0.942	-4.333	-118.225	-1.404							0.906	-20.566	129.935	28.300	18.800	18.347	24.62	-0.27524	0.39938	0.86813	0.10471	
 18:06:51.033	f9:a2:89:42:44:2c	2015-01-01 02:11:54.005	0.744	-0.663	0.148	-32.288	-34.485	-2.136							18.292	2.038	-111.929	-30.900	29.200	-3.247	24.35	0.22098	-0.52328	0.26605	-0.77875	
 18:06:51.035	f9:a2:89:42:44:2c	2015-01-01 02:11:54.005	0.751	-0.665	0.114	-30.212	-32.227	-1.892							15.002	1.555	-109.567	-30.900	29.200	-3.247	24.35	0.22098	-0.52328	0.26605	-0.77875	
 18:06:51.050	ff:bd:0d:cb:d7:a7	2015-01-01 02:11:58.040	0.224	-0.032	-0.98	-4.211	-119.69	-1.465							0.544	-14.562	130.292	28.300	18.800	18.347	24.62	-0.27524	0.39938	0.86813	0.10471	
 18:06:51.109	ff:bd:0d:cb:d7:a7	2015-01-01 02:11:58.040	0.119	-0.026	-1.012	-4.333	-121.094	-1.526							0.236	-8.498	130.589	28.300	18.800	18.347	24.62	-0.27524	0.39938	0.86813	0.10471	
 18:06:51.124	f9:a2:89:42:44:2c	2015-01-01 02:11:54.005	0.752	-0.667	0.074	-27.649	-29.419	-1.77							11.898	1.198	-107.325	-40.100	21.200	-3.267	24.35	0.22098	-0.52328	0.26605	-0.77875	
 18:06:51.140	ff:bd:0d:cb:d7:a7	2015-01-01 02:11:58.040	0.01	-0.024	-1.033	-4.333	-121.643	-1.465							-0.033	-2.362	130.853	28.300	18.800	18.347	24.62	-0.27524	0.39938	0.86813	0.10471	
 18:06:51.155	f9:a2:89:42:44:2c	2015-01-01 02:11:54.005	0.752	-0.668	0.042	-24.658	-26.306	-1.526							9.069	0.934	-105.276	-40.100	21.200	-3.267	24.35	0.22098	-0.52328	0.26605	-0.77875	
 18:06:51.214	f9:a2:89:42:44:2c	2015-01-01 02:11:54.005	0.755	-0.663	0.019	-21.362	-22.766	-1.221							6.592	0.764	-103.469	-40.100	21.200	-3.267	24.35	0.19125	-0.6214	0.31223	-0.6926	
 18:06:51.229	ff:bd:0d:cb:d7:a7	2015-01-01 02:11:58.040	-0.095	-0.021	-1.038	-4.333	-120.361	-1.343							-0.269	3.675	131.078	28.300	18.800	18.347	24.62	-0.27524	0.39938	0.86813	0.10471	
 18:06:51.245	f9:a2:89:42:44:2c	2015-01-01 02:11:54.365	0.756	-0.666	-0.006	-17.944	-19.165	-1.038							4.482	0.659	-101.931	-40.100	21.200	-3.267	24.35	0.19125	-0.6214	0.31223	-0.6926	
 18:06:51.260	ff:bd:0d:cb:d7:a7	2015-01-01 02:11:58.040	-0.2	-0.017	-1.037	-4.272	-119.08	-1.221							-0.478	9.635	131.27	62.700	40.800	31.073	24.62	-0.27524	0.39938	0.86813	0.10471	
 18:06:51.320	ff:bd:0d:cb:d7:a7	2015-01-01 02:11:58.040	-0.276	-0.015	-1.03	-4.333	-122.375	-1.404							-0.665	15.672	131.446	62.700	40.800	31.073	24.62	-0.27524	0.39938	0.86813	0.10471	
 18:06:51.334	f9:a2:89:42:44:2c	2015-01-01 02:11:54.365	0.765	-0.67	-0.029	-15.015	-15.991	-0.854							2.703	0.599	-100.635	-40.100	21.200	-3.267	24.35	0.19125	-0.6214	0.31223	-0.6926	
 18:06:51.350	ff:bd:0d:cb:d7:a7	2015-01-01 02:11:58.040	-0.37	-0.014	-1.023	-4.333	-119.934	-1.404							-0.84	21.786	131.605	62.700	40.800	31.073	24.62	0.07172	0.40921	0.90872	-0.03943	
 18:06:51.365	f9:a2:89:42:44:2c	2015-01-01 02:11:54.365	0.762	-0.674	-0.053	-11.23	-12.024	-0.671							1.269	0.571	-99.586	-40.100	21.200	-3.267	24.35	0.19125	-0.6214	0.31223	-0.6926	
 18:06:51.394	f9:a2:89:42:44:2c	2015-01-01 02:11:54.365	0.758	-0.673	-0.066	-7.812	-8.362	-0.549							0.209	0.555	-98.811	-40.100	21.200	-3.267	24.35	0.19125	-0.6214	0.31223	-0.6926	
 18:06:51.439	ff:bd:0d:cb:d7:a7	2015-01-01 02:11:58.430	-0.486	-0.011	-0.993	-4.211	-118.652	-1.526							-1	27.834	131.743	62.700	40.800	31.073	24.62	0.07172	0.40921	0.90872	-0.03943	
 18:06:51.454	f9:a2:89:42:44:2c	2015-01-01 02:11:54.365	0.761	-0.668	-0.067	-4.7	-5.249	-0.244							-0.494	0.549	-98.295	-40.100	21.200	-3.267	24.35	0.19125	-0.6214	0.31223	-0.6926	
 18:06:51.468	ff:bd:0d:cb:d7:a7	2015-01-01 02:11:58.430	-0.581	-0.007	-0.935	-4.211	-118.774	-1.404							-1.148	33.838	131.874	62.700	40.800	31.073	24.62	0.07172	0.40921	0.90872	-0.03943	
 18:06:51.500	ff:bd:0d:cb:d7:a7	2015-01-01 02:11:58.430	-0.676	-0.005	-0.884	-4.395	-122.07	-1.404							-1.291	39.952	131.995	62.700	40.800	31.073	24.62	0.07172	0.40921	0.90872	-0.03943	
 18:06:51.516	f9:a2:89:42:44:2c	2015-01-01 02:11:54.365	0.755	-0.667	-0.073	-1.77	-1.953	-0.122							-0.868	0.549	-98.015	-42.900	19.400	2.207	24.35	0.19125	-0.6214	0.31223	-0.6926	
 18:06:51.561	ff:bd:0d:cb:d7:a7	2015-01-01 02:11:58.430	-0.751	-0.002	-0.812	-4.333	-119.385	-1.16							-1.434	46.011	132.1	62.700	40.800	31.073	24.62	0.07172	0.40921	0.90872	-0.03943	
 18:06:51.574	f9:a2:89:42:44:2c	2015-01-01 02:11:54.365	0.762	-0.666	-0.071	0.854	0.732	0.122							-0.917	0.538	-97.976	-42.900	19.400	2.207	24.35	0.18121	-0.64856	0.32458	-0.66412	
 18:06:51.604	f9:a2:89:42:44:2c	2015-01-01 02:11:54.720	0.761	-0.665	-0.07	3.54	3.845	0.183							-0.676	0.527	-98.146	-42.900	19.400	2.207	24.35	0.18121	-0.64856	0.32458	-0.66412	
 18:06:51.634	f9:a2:89:42:44:2c	2015-01-01 02:11:54.720	0.757	-0.668	-0.067	6.47	6.714	0.366							-0.143	0.516	-98.536	-42.900	19.400	2.207	24.35	0.18121	-0.64856	0.32458	-0.66412	
 18:06:51.649	ff:bd:0d:cb:d7:a7	2015-01-01 02:11:58.430	-0.83	-0.002	-0.742	-4.211	-117.554	-1.343							-1.577	51.927	132.188	99.900	24.000	39.787	24.62	0.07172	0.40921	0.90872	-0.03943	
 18:06:51.680	ff:bd:0d:cb:d7:a7	2015-01-01 02:11:58.430	-0.858	0	-0.661	-4.272	-119.629	-1.404							-1.708	57.849	132.275	99.900	24.000	39.787	24.62	0.07172	0.40921	0.90872	-0.03943	
 18:06:51.711	ff:bd:0d:cb:d7:a7	2015-01-01 02:11:58.430	-0.909	0	-0.594	-4.272	-118.591	-1.404							-1.851	63.842	132.341	99.900	24.000	39.787	24.62	0.40213	0.36212	0.82239	-0.17529	
 18:06:51.724	f9:a2:89:42:44:2c	2015-01-01 02:11:54.720	0.755	-0.666	-0.053	9.033	9.46	0.549							0.692	0.511	-99.146	-42.900	19.400	2.207	24.35	0.18121	-0.64856	0.32458	-0.66412	
 18:06:51.755	f9:a2:89:42:44:2c	2015-01-01 02:11:54.720	0.755	-0.667	-0.039	11.414	11.963	0.61							1.796	0.511	-99.943	-42.900	19.400	2.207	24.35	0.18121	-0.64856	0.32458	-0.66412	
 18:06:51.771	ff:bd:0d:cb:d7:a7	2015-01-01 02:11:58.430	-0.95	0.002	-0.502	-4.211	-118.103	-1.343							-2	69.791	132.396	99.900	24.000	39.787	24.62	0.40213	0.36212	0.82239	-0.17529	
 18:06:51.814	f9:a2:89:42:44:2c	2015-01-01 02:11:54.720	0.752	-0.665	-0.025	14.16	14.832	0.854							3.181	0.533	-100.953	-42.900	19.400	2.207	24.35	0.18121	-0.64856	0.32458	-0.66412	
 18:06:51.830	ff:bd:0d:cb:d7:a7	2015-01-01 02:11:58.785	-0.975	0	-0.412	-4.028	-119.324	-1.77							-2.159	75.789	132.44	99.900	24.000	39.787	24.62	0.40213	0.36212	0.82239	-0.17529	
 18:06:51.844	f9:a2:89:42:44:2c	2015-01-01 02:11:54.720	0.753	-0.664	-0.003	16.541	17.456	1.038							4.856	0.582	-102.162	-43.100	21.200	1.080	24.35	0.18121	-0.64856	0.32458	-0.66412	
 18:06:51.860	ff:bd:0d:cb:d7:a7	2015-01-01 02:11:58.785	-1.001	0.008	-0.312	-4.272	-119.324	-1.343							-2.302	81.837	132.495	99.900	24.000	39.787	24.62	0.40213	0.36212	0.82239	-0.17529	
 18:06:51.920	ff:bd:0d:cb:d7:a7	2015-01-01 02:11:58.785	-1.027	0.003	-0.204	-4.211	-115.601	-1.16							-3.01	87.737	132.045	99.900	24.000	39.787	24.62	0.40213	0.36212	0.82239	-0.17529	
 18:06:51.935	f9:a2:89:42:44:2c	2015-01-01 02:11:54.720	0.753	-0.663	0.018	18.494	19.531	1.221							6.762	0.67	-103.546	-43.100	21.200	1.080	24.35	0.1926	-0.61716	0.30914	-0.69739	
 18:06:51.964	f9:a2:89:42:44:2c	2015-01-01 02:11:55.080	0.755	-0.666	0.038	20.935	22.095	1.282							8.893	0.807	-105.09	-43.100	21.200	1.080	24.35	0.1926	-0.61716	0.30914	-0.69739	
 18:06:51.980	ff:bd:0d:cb:d7:a7	2015-01-01 02:11:58.785	-1.048	0	-0.092	-4.15	-115.479	-1.16							-4.219	93.587	131.067	99.900	24.000	39.787	24.62	0.40213	0.36212	0.82239	-0.17529	
 18:06:51.994	f9:a2:89:42:44:2c	2015-01-01 02:11:55.080	0.749	-0.672	0.058	24.17	25.574	1.526							11.31	1.011	-106.831	-43.100	21.200	1.080	24.35	0.1926	-0.61716	0.30914	-0.69739	
 18:06:52.040	ff:bd:0d:cb:d7:a7	2015-01-01 02:11:58.785	-1.021	-0.002	0.019	-4.272	-118.469	-1.16							-12.255	99.454	123.25	99.900	24.000	39.787	24.62	0.40213	0.36212	0.82239	-0.17529	
 18:06:52.070	ff:bd:0d:cb:d7:a7	2015-01-01 02:11:58.785	-1.008	-0.005	0.111	-4.333	-118.896	-1.465							-178.138	96.916	-42.424	99.400	-15.900	30.633	24.62	0.40213	0.36212	0.82239	-0.17529	
 18:06:52.084	f9:a2:89:42:44:2c	2015-01-01 02:11:55.080	0.748	-0.667	0.091	27.161	28.809	1.709							14.041	1.302	-108.798	-43.100	21.200	1.080	24.35	0.1926	-0.61716	0.30914	-0.69739	
 18:06:52.100	ff:bd:0d:cb:d7:a7	2015-01-01 02:11:58.785	-0.963	-0.006	0.217	-4.333	-116.882	-1.526							179.401	91.044	-44.687	99.400	-15.900	30.633	24.62	0.40213	0.36212	0.82239	-0.17529	
 18:06:52.146	f9:a2:89:42:44:2c	2015-01-01 02:11:55.080	0.737	-0.666	0.121	29.48	31.494	1.953							16.968	1.703	-110.885	-43.100	21.200	1.080	24.35	0.1926	-0.61716	0.30914	-0.69739	
 18:06:52.174	f9:a2:89:42:44:2c	2015-01-01 02:11:55.080	0.725	-0.659	0.164	32.288	34.424	2.075							20.127	2.225	-113.121	-33.300	28.000	-2.367	24.35	0.1926	-0.61716	0.30914	-0.69739	
 18:06:52.190	ff:bd:0d:cb:d7:a7	2015-01-01 02:11:58.785	-0.916	-0.008	0.303	-4.211	-116.028	-1.953							178.621	85.199	-45.286	99.400	-15.900	30.633	24.62	0.73383	0.23462	0.55853	-0.30722	
 18:06:52.204	f9:a2:89:42:44:2c	2015-01-01 02:11:55.080	0.708	-0.652	0.208	34.912	37.109	2.319							23.494	2.9	-115.461	-33.300	28.000	-2.367	24.35	0.1926	-0.61716	0.30914	-0.69739	
 18:06:52.220	ff:bd:0d:cb:d7:a7	2015-01-01 02:11:59.200	-0.845	-0.005	0.395	-4.15	-115.112	-1.587							178.242	79.409	-45.489	99.400	-15.900	30.633	24.62	0.73383	0.23462	0.55853	-0.30722	
 18:06:52.279	ff:bd:0d:cb:d7:a7	2015-01-01 02:11:59.200	-0.794	-0.007	0.476	-4.089	-111.694	-1.343							177.979	73.674	-45.566	99.400	-15.900	30.633	24.62	0.73383	0.23462	0.55853	-0.30722	
 18:06:52.295	f9:a2:89:42:44:2c	2015-01-01 02:11:55.080	0.696	-0.638	0.259	36.743	39.124	2.38							27.026	3.724	-117.894	-33.300	28.000	-2.367	24.35	0.21869	-0.53662	0.2706	-0.76868	
 18:06:52.310	ff:bd:0d:cb:d7:a7	2015-01-01 02:11:59.200	-0.747	-0.006	0.56	-4.028	-109.985	-1.343							177.786	68.099	-45.588	99.400	-15.900	30.633	24.62	0.73383	0.23462	0.55853	-0.30722	
 18:06:52.324	f9:a2:89:42:44:2c	2015-01-01 02:11:55.405	0.686	-0.628	0.303	38.879	41.321	2.625							30.646	4.719	-120.328	-33.300	28.000	-2.367	24.35	0.21869	-0.53662	0.2706	-0.76868	
 18:06:52.340	ff:bd:0d:cb:d7:a7	2015-01-01 02:11:59.200	-0.669	-0.011	0.64	-4.089	-111.145	-1.221							177.621	62.512	-45.566	99.400	-15.900	30.633	24.62	0.73383	0.23462	0.55853	-0.30722	
 18:06:52.385	f9:a2:89:42:44:2c	2015-01-01 02:11:55.405	0.661	-0.621	0.342	41.931	44.556	2.869							34.382	5.883	-122.8	-33.300	28.000	-2.367	24.35	0.21869	-0.53662	0.2706	-0.76868	
 18:06:52.414	f9:a2:89:42:44:2c	2015-01-01 02:11:55.405	0.635	-0.603	0.397	45.227	48.157	3.052							38.287	7.289	-125.305	-33.300	28.000	-2.367	24.35	0.21869	-0.53662	0.2706	-0.76868	
 18:06:52.429	ff:bd:0d:cb:d7:a7	2015-01-01 02:11:59.200	-0.59	-0.02	0.699	-3.845	-113.647	-1.16							177.462	56.816	-45.527	79.400	-46.400	9.187	24.62	0.73383	0.23462	0.55853	-0.30722	
 18:06:52.444	f9:a2:89:42:44:2c	2015-01-01 02:11:55.405	0.613	-0.584	0.456	47.18	50.232	3.174							42.242	8.899	-127.782	-33.300	28.000	-2.367	24.35	0.21869	-0.53662	0.2706	-0.76868	
 18:06:52.460	ff:bd:0d:cb:d7:a7	2015-01-01 02:11:59.200	-0.519	-0.027	0.761	-3.845	-113.342	-1.282							177.308	51.064	-45.467	79.400	-46.400	9.187	24.62	0.73383	0.23462	0.55853	-0.30722	
 18:06:52.519	ff:bd:0d:cb:d7:a7	2015-01-01 02:11:59.200	-0.431	-0.033	0.821	-3.845	-115.417	-1.221							177.166	45.28	-45.396	79.400	-46.400	9.187	24.62	0.88321	0.10324	0.27438	-0.36591	
 18:06:52.535	f9:a2:89:42:44:2c	2015-01-01 02:11:55.405	0.581	-0.565	0.505	49.438	52.551	3.296							46.181	10.723	-130.133	-16.600	35.600	-3.320	24.35	0.21869	-0.53662	0.2706	-0.76868	
 18:06:52.549	ff:bd:0d:cb:d7:a7	2015-01-01 02:11:59.560	-0.333	-0.037	0.864	-3.906	-117.371	-1.221							177.001	39.391	-45.313	79.400	-46.400	9.187	24.62	0.88321	0.10324	0.27438	-0.36591	
 18:06:52.566	f9:a2:89:42:44:2c	2015-01-01 02:11:55.405	0.543	-0.54	0.56	50.72	54.016	3.357							50.054	12.733	-132.358	-16.600	35.600	-3.320	24.35	0.21869	-0.53662	0.2706	-0.76868	
 18:06:52.625	f9:a2:89:42:44:2c	2015-01-01 02:11:55.405	0.512	-0.512	0.62	50.72	54.138	3.235							53.784	14.886	-134.368	-16.600	35.600	-3.320	24.35	0.25842	-0.37497	0.19321	-0.86902	
 18:06:52.639	ff:bd:0d:cb:d7:a7	2015-01-01 02:11:59.560	-0.239	-0.034	0.903	-3.906	-119.446	-1.16							176.858	33.409	-45.209	79.400	-46.400	9.187	24.62	0.88321	0.10324	0.27438	-0.36591	
 18:06:52.654	f9:a2:89:42:44:2c	2015-01-01 02:11:55.765	0.474	-0.48	0.673	48.523	51.697	3.296							57.228	17.073	-136.126	-16.600	35.600	-3.320	24.35	0.25842	-0.37497	0.19321	-0.86902	
 18:06:52.669	ff:bd:0d:cb:d7:a7	2015-01-01 02:11:59.560	-0.146	-0.032	0.936	-4.333	-120.117	-1.343							176.704	27.389	-45.088	79.400	-46.400	9.187	24.62	0.88321	0.10324	0.27438	-0.36591	
 18:06:52.700	ff:bd:0d:cb:d7:a7	2015-01-01 02:11:59.560	-0.039	-0.039	0.954	-4.395	-122.07	-1.404							176.534	21.319	-44.956	79.400	-46.400	9.187	24.62	0.88321	0.10324	0.27438	-0.36591	
 18:06:52.744	f9:a2:89:42:44:2c	2015-01-01 02:11:55.765	0.436	-0.452	0.725	45.044	48.035	2.991							60.326	19.21	-137.582	-16.600	35.600	-3.320	24.35	0.25842	-0.37497	0.19321	-0.86902	
 18:06:52.760	ff:bd:0d:cb:d7:a7	2015-01-01 02:11:59.560	0.095	-0.039	0.958	-4.578	-126.648	-1.343							176.347	15.073	-44.808	79.400	-46.400	9.187	24.62	0.88321	0.10324	0.27438	-0.36591	
 18:06:52.775	f9:a2:89:42:44:2c	2015-01-01 02:11:55.765	0.394	-0.423	0.773	40.588	43.335	2.563							63.056	21.22	-138.785	-16.600	35.600	-3.320	24.35	0.25842	-0.37497	0.19321	-0.86902	
 18:06:52.804	f9:a2:89:42:44:2c	2015-01-01 02:11:55.765	0.371	-0.38	0.834	32.898	35.034	2.075							65.325	22.989	-139.702	-16.600	35.600	-3.320	24.35	0.25842	-0.37497	0.19321	-0.86902	
 18:06:52.849	ff:bd:0d:cb:d7:a7	2015-01-01 02:11:59.560	0.206	-0.048	0.928	-4.517	-127.075	-1.465							176.144	8.696	-44.632	51.500	-61.200	5.447	24.62	0.88321	0.10324	0.27438	-0.36591	
 18:06:52.864	f9:a2:89:42:44:2c	2015-01-01 02:11:55.765	0.356	-0.356	0.869	23.926	25.818	1.831							67.033	24.384	-140.35	-16.600	35.600	-3.320	24.35	0.25842	-0.37497	0.19321	-0.86902	
 18:06:52.880	ff:bd:0d:cb:d7:a7	2015-01-01 02:11:59.560	0.291	-0.051	0.904	-4.517	-127.686	-1.587							175.913	2.269	-44.429	51.500	-61.200	5.447	24.62	0.9212	-0.05432	-0.07397	-0.37799	
 18:06:52.911	ff:bd:0d:cb:d7:a7	2015-01-01 02:11:59.560	0.405	-0.054	0.883	-4.578	-130.554	-1.709							175.649	-4.235	-44.193	51.500	-61.200	5.447	24.62	0.9212	-0.05432	-0.07397	-0.37799	
 18:06:52.926	f9:a2:89:42:44:2c	2015-01-01 02:11:55.765	0.346	-0.348	0.883	14.832	15.991	1.099							68.192	25.356	-140.74	-2.200	36.500	-3.560	24.35	0.25842	-0.37497	0.19321	-0.86902	
 18:06:52.970	ff:bd:0d:cb:d7:a7	2015-01-01 02:11:59.945	0.535	-0.049	0.835	-4.639	-132.324	-1.343							175.342	-10.871	-43.907	51.500	-61.200	5.447	24.62	0.9212	-0.05432	-0.07397	-0.37799	
 18:06:52.984	f9:a2:89:42:44:2c	2015-01-01 02:11:55.765	0.357	-0.351	0.887	5.798	6.165	0.183							68.796	25.867	-140.927	-2.200	36.500	-3.560	24.35	0.28052	-0.25119	0.13354	-0.91666	
 18:06:53.013	f9:a2:89:42:44:2c	2015-01-01 02:11:56.120	0.361	-0.345	0.884	-2.625	-2.441	-0.549							68.873	25.933	-140.911	-2.200	36.500	-3.560	24.35	0.28052	-0.25119	0.13354	-0.91666	
 18:06:53.029	ff:bd:0d:cb:d7:a7	2015-01-01 02:11:59.945	0.627	-0.057	0.758	-4.517	-127.38	-1.221							174.99	-17.342	-43.572	51.500	-61.200	5.447	24.62	0.9212	-0.05432	-0.07397	-0.37799	
 18:06:53.045	f9:a2:89:42:44:2c	2015-01-01 02:11:56.120	0.377	-0.357	0.873	-9.888	-10.681	-0.61							68.489	25.615	-140.751	-2.200	36.500	-3.560	24.35	0.28052	-0.25119	0.13354	-0.91666	
 18:06:53.089	ff:bd:0d:cb:d7:a7	2015-01-01 02:11:59.945	0.7	-0.061	0.696	-4.395	-122.437	-1.587							174.578	-23.599	-43.226	51.500	-61.200	5.447	24.62	0.9212	-0.05432	-0.07397	-0.37799	
 18:06:53.119	ff:bd:0d:cb:d7:a7	2015-01-01 02:11:59.945	0.77	-0.06	0.626	-4.333	-121.338	-1.343							174.089	-29.745	-42.808	51.500	-61.200	5.447	24.62	0.9212	-0.05432	-0.07397	-0.37799	
 18:06:53.135	f9:a2:89:42:44:2c	2015-01-01 02:11:56.120	0.396	-0.371	0.853	-15.747	-16.724	-1.099							67.725	24.972	-140.422	-2.200	36.500	-3.560	24.35	0.28052	-0.25119	0.13354	-0.91666	
 18:06:53.149	ff:bd:0d:cb:d7:a7	2015-01-01 02:11:59.945	0.808	-0.06	0.551	-4.211	-117.31	-1.282							173.48	-35.766	-42.253	19.800	-48.800	5.720	24.62	0.9212	-0.05432	-0.07397	-0.37799	
 18:06:53.165	f9:a2:89:42:44:2c	2015-01-01 02:11:56.120	0.411	-0.385	0.832	-20.264	-21.667	-1.343							66.643	24.066	-139.971	-2.200	36.500	-3.560	24.35	0.28052	-0.25119	0.13354	-0.91666	
 18:06:53.224	f9:a2:89:42:44:2c	2015-01-01 02:11:56.120	0.435	-0.399	0.815	-24.841	-26.55	-1.587							65.275	22.956	-139.378	-2.200	36.500	-3.560	24.35	0.28052	-0.25119	0.13354	-0.91666	
 18:06:53.240	ff:bd:0d:cb:d7:a7	2015-01-01 02:11:59.945	0.859	-0.062	0.479	-4.333	-118.347	-1.343							172.705	-41.688	-41.545	19.800	-48.800	5.720	24.62	0.82153	-0.20532	-0.41281	-0.33524	
 18:06:53.254	f9:a2:89:42:44:2c	2015-01-01 02:11:56.120	0.454	-0.417	0.789	-28.748	-30.762	-1.892							63.611	21.643	-138.647	-7.700	37.300	-6.080	24.35	0.28052	-0.25119	0.13354	-0.91666	
 18:06:53.270	ff:bd:0d:cb:d7:a7	2015-01-01 02:11:59.945	0.9	-0.062	0.384	-4.211	-119.507	-1.343							171.628	-47.681	-40.518	19.800	-48.800	5.720	24.62	0.82153	-0.20532	-0.41281	-0.33524	
 18:06:53.329	ff:bd:0d:cb:d7:a7	2015-01-01 02:12:00.305	0.93	-0.061	0.293	-4.272	-118.774	-1.404							170.074	-53.624	-39.029	19.800	-48.800	5.720	24.62	0.82153	-0.20532	-0.41281	-0.33524	
 18:06:53.344	f9:a2:89:42:44:2c	2015-01-01 02:11:56.120	0.479	-0.437	0.763	-31.921	-34.18	-2.075							61.699	20.204	-137.752	-7.700	37.300	-6.080	24.35	0.27206	-0.32291	0.1665	-0.89099	
 18:06:53.359	ff:bd:0d:cb:d7:a7	2015-01-01 02:12:00.305	0.945	-0.063	0.196	-4.272	-117.432	-1.343							167.629	-59.464	-36.628	19.800	-48.800	5.720	24.62	0.82153	-0.20532	-0.41281	-0.33524	
 18:06:53.374	f9:a2:89:42:44:2c	2015-01-01 02:11:56.480	0.503	-0.456	0.733	-34.18	-36.621	-2.197							59.579	18.671	-136.736	-7.700	37.300	-6.080	24.35	0.27206	-0.32291	0.1665	-0.89099	
 18:06:53.404	f9:a2:89:42:44:2c	2015-01-01 02:11:56.480	0.529	-0.473	0.702	-35.889	-38.452	-2.136							57.272	17.1	-135.555	-7.700	37.300	-6.080	24.35	0.27206	-0.32291	0.1665	-0.89099	
 18:06:53.451	ff:bd:0d:cb:d7:a7	2015-01-01 02:12:00.305	0.952	-0.079	0.094	-4.456	-115.845	-2.441							163.218	-65.16	-32.283	19.800	-48.800	5.720	24.62	0.82153	-0.20532	-0.41281	-0.33524	
 18:06:53.465	f9:a2:89:42:44:2c	2015-01-01 02:11:56.480	0.569	-0.498	0.662	-38.025	-40.71	-2.38							54.739	15.469	-134.225	-7.700	37.300	-6.080	24.35	0.27206	-0.32291	0.1665	-0.89099	
 18:06:53.479	ff:bd:0d:cb:d7:a7	2015-01-01 02:12:00.305	0.975	-0.075	-0.005	-4.333	-118.286	-1.526							152.49	-70.724	-21.594	19.800	-48.800	5.720	24.62	0.82153	-0.20532	-0.41281	-0.33524	
 18:06:53.510	ff:bd:0d:cb:d7:a7	2015-01-01 02:12:00.305	0.967	-0.067	-0.129	-4.211	-117.92	-1.343							108.517	-75.092	22.319	11.400	-21.700	11.860	24.62	0.82153	-0.20532	-0.41281	-0.33524	
 18:06:53.555	f9:a2:89:42:44:2c	2015-01-01 02:11:56.480	0.594	-0.528	0.603	-39.124	-41.626	-2.563							51.96	13.81	-132.682	-7.700	37.300	-6.080	24.35	0.27206	-0.32291	0.1665	-0.89099	
 18:06:53.570	ff:bd:0d:cb:d7:a7	2015-01-01 02:12:00.305	0.921	-0.061	-0.229	-4.211	-116.516	-1.404							34.503	-73.004	96.301	11.400	-21.700	11.860	24.62	0.82153	-0.20532	-0.41281	-0.33524	
 18:06:53.585	f9:a2:89:42:44:2c	2015-01-01 02:11:56.480	0.609	-0.549	0.558	-39.49	-42.114	-2.502							49.026	12.178	-131.001	-7.700	37.300	-6.080	24.35	0.27206	-0.32291	0.1665	-0.89099	
 18:06:53.614	f9:a2:89:42:44:2c	2015-01-01 02:11:56.480	0.632	-0.562	0.524	-39.917	-42.664	-2.563							45.945	10.618	-129.15	-24.800	35.600	-5.733	24.35	0.27206	-0.32291	0.1665	-0.89099	
 18:06:53.630	ff:bd:0d:cb:d7:a7	2015-01-01 02:12:00.305	0.893	-0.057	-0.317	-4.089	-117.065	-1.404							15.963	-67.714	114.796	11.400	-21.700	11.860	24.62	0.61407	-0.32153	-0.67657	-0.24838	
 18:06:53.675	f9:a2:89:42:44:2c	2015-01-01 02:11:56.480	0.652	-0.581	0.474	-40.527	-43.274	-2.686							42.665	9.108	-127.123	-24.800	35.600	-5.733	24.35	0.27206	-0.32291	0.1665	-0.89099	
 18:06:53.689	ff:bd:0d:cb:d7:a7	2015-01-01 02:12:00.660	0.853	-0.054	-0.418	-4.15	-118.286	-1.404							9.569	-61.93	121.157	11.400	-21.700	11.860	24.62	0.61407	-0.32153	-0.67657	-0.24838	
 18:06:53.719	ff:bd:0d:cb:d7:a7	2015-01-01 02:12:00.660	0.792	-0.053	-0.509	-4.15	-115.845	-1.343							6.476	-56.124	124.217	11.400	-21.700	11.860	24.62	0.61407	-0.32153	-0.67657	-0.24838	
 18:06:53.734	f9:a2:89:42:44:2c	2015-01-01 02:11:56.480	0.661	-0.598	0.428	-39.49	-42.175	-2.563							39.276	7.712	-124.953	-24.800	35.600	-5.733	24.35	0.24615	-0.46335	0.23102	-0.81927	
 18:06:53.749	ff:bd:0d:cb:d7:a7	2015-01-01 02:12:00.660	0.724	-0.048	-0.585	-4.211	-116.028	-1.343							4.642	-50.328	126.03	11.400	-21.700	11.860	24.62	0.61407	-0.32153	-0.67657	-0.24838	
 18:06:53.794	f9:a2:89:42:44:2c	2015-01-01 02:11:56.865	0.679	-0.607	0.389	-39.124	-41.87	-2.441							35.832	6.438	-122.701	-24.800	35.600	-5.733	24.35	0.24615	-0.46335	0.23102	-0.81927	
 18:06:53.824	f9:a2:89:42:44:2c	2015-01-01 02:11:56.865	0.693	-0.619	0.343	-38.452	-40.955	-2.502							32.305	5.295	-120.328	-24.800	35.600	-5.733	24.35	0.24615	-0.46335	0.23102	-0.81927	
 18:06:53.841	ff:bd:0d:cb:d7:a7	2015-01-01 02:12:00.660	0.652	-0.049	-0.668	-4.15	-116.516	-1.343							3.422	-44.533	127.238	11.400	-21.700	11.860	24.62	0.61407	-0.32153	-0.67657	-0.24838	
 18:06:53.854	f9:a2:89:42:44:2c	2015-01-01 02:11:56.865	0.703	-0.627	0.296	-37.72	-40.344	-2.319							28.735	4.279	-117.883	-24.800	35.600	-5.733	24.35	0.24615	-0.46335	0.23102	-0.81927	
 18:06:53.869	ff:bd:0d:cb:d7:a7	2015-01-01 02:12:00.660	0.574	-0.045	-0.745	-4.15	-117.859	-1.282							2.538	-38.683	128.106	11.400	-21.700	11.860	24.62	0.61407	-0.32153	-0.67657	-0.24838	
 18:06:53.929	ff:bd:0d:cb:d7:a7	2015-01-01 02:12:00.660	0.496	-0.039	-0.81	-4.272	-120.361	-1.16							1.862	-32.756	128.771	27.600	16.200	18.820	24.62	0.61407	-0.32153	-0.67657	-0.24838	
 18:06:53.945	f9:a2:89:42:44:2c	2015-01-01 02:11:56.865	0.725	-0.636	0.252	-37.109	-39.551	-2.197							25.12	3.4	-115.367	-24.800	35.600	-5.733	24.35	0.24615	-0.46335	0.23102	-0.81927	
 18:06:53.961	ff:bd:0d:cb:d7:a7	2015-01-01 02:12:00.660	0.417	-0.041	-0.885	-4.395	-122.986	-1.404							1.318	-26.653	129.304	27.600	16.200	18.820	24.62	0.29391	-0.39865	-0.86124	-0.1134	
 18:06:54.004	f9:a2:89:42:44:2c	2015-01-01 02:11:56.865	0.738	-0.652	0.198	-35.645	-38.208	-2.258							21.484	2.637	-112.802	-24.800	35.600	-5.733	24.35	0.24615	-0.46335	0.23102	-0.81927	
 18:06:54.034	f9:a2:89:42:44:2c	2015-01-01 02:11:56.865	0.751	-0.661	0.146	-33.569	-35.828	-2.136							17.913	2.016	-110.253	-37.900	24.400	-3.267	24.35	0.24615	-0.46335	0.23102	-0.81927	
 18:06:54.051	ff:bd:0d:cb:d7:a7	2015-01-01 02:12:00.660	0.332	-0.036	-0.948	-4.517	-123.718	-1.404							0.873	-20.457	129.732	27.600	16.200	18.820	24.62	0.29391	-0.39865	-0.86124	-0.1134	
 18:06:54.064	f9:a2:89:42:44:2c	2015-01-01 02:11:56.865	0.753	-0.67	0.098	-30.09	-32.104	-1.953							14.54	1.538	-107.831	-37.900	24.400	-3.267	24.35	0.24615	-0.46335	0.23102	-0.81927	
 18:06:54.079	ff:bd:0d:cb:d7:a7	2015-01-01 02:12:00.660	0.202	-0.033	-0.999	-4.395	-121.155	-1.465							0.505	-14.249	130.089	27.600	16.200	18.820	24.65	0.29391	-0.39865	-0.86124	-0.1134	
 18:06:54.141	ff:bd:0d:cb:d7:a7	2015-01-01 02:12:00.660	0.08	-0.029	-1.016	-4.395	-121.826	-1.587							0.192	-8.119	130.386	27.600	16.200	18.820	24.65	0.29391	-0.39865	-0.86124	-0.1134	
 18:06:54.154	f9:a2:89:42:44:2c	2015-01-01 02:11:56.865	0.747	-0.667	0.068	-27.222	-28.992	-1.709							11.459	1.192	-105.595	-37.900	24.400	-3.267	24.35	0.20749	-0.60385	0.2952	-0.71066	
 18:06:54.170	ff:bd:0d:cb:d7:a7	2015-01-01 02:12:01.140	-0.005	-0.022	-1.025	-4.517	-125.977	-1.404							-0.082	-1.862	130.644	27.600	16.200	18.820	24.65	0.29391	-0.39865	-0.86124	-0.1134	
 18:06:54.215	f9:a2:89:42:44:2c	2015-01-01 02:11:57.255	0.755	-0.662	0.043	-25.024	-26.672	-1.526							8.63	0.939	-103.541	-37.900	24.400	-3.267	24.35	0.20749	-0.60385	0.2952	-0.71066	
 18:06:54.215	f9:a2:89:42:44:2c	2015-01-01 02:11:57.255	0.759	-0.667	0.006	-21.729	-23.315	-1.282							6.086	0.78	-101.689	-37.900	24.400	-3.267	24.35	0.20749	-0.60385	0.2952	-0.71066	
 18:06:54.260	ff:bd:0d:cb:d7:a7	2015-01-01 02:12:01.140	-0.111	-0.019	-1.051	-4.517	-126.892	-1.343							-0.324	4.504	130.869	27.600	16.200	18.820	24.65	0.29391	-0.39865	-0.86124	-0.1134	
 18:06:54.274	f9:a2:89:42:44:2c	2015-01-01 02:11:57.255	0.766	-0.673	-0.021	-17.639	-18.982	-1.099							3.966	0.681	-100.14	-37.900	24.400	-3.267	24.35	0.20749	-0.60385	0.2952	-0.71066	
 18:06:54.290	ff:bd:0d:cb:d7:a7	2015-01-01 02:12:01.140	-0.207	-0.017	-1.051	-4.456	-124.817	-1.343							-0.538	10.811	131.067	27.600	16.200	18.820	24.65	0.29391	-0.39865	-0.86124	-0.1134	
 18:06:54.319	ff:bd:0d:cb:d7:a7	2015-01-01 02:12:01.140	-0.326	-0.013	-1.045	-4.395	-123.718	-1.465							-0.731	17.073	131.237	27.600	16.200	18.820	24.65	0.29391	-0.39865	-0.86124	-0.1134	
 18:06:54.334	f9:a2:89:42:44:2c	2015-01-01 02:11:57.255	0.762	-0.677	-0.046	-13.733	-14.893	-0.916							2.236	0.626	-98.877	-37.900	24.400	-3.267	24.35	0.20749	-0.60385	0.2952	-0.71066	
 18:06:54.379	ff:bd:0d:cb:d7:a7	2015-01-01 02:12:01.140	-0.429	-0.009	-1.008	-4.456	-123.84	-1.587							-0.906	23.346	131.391	27.600	16.200	18.820	24.65	0.29391	-0.39865	-0.86124	-0.1134	
 18:06:54.395	f9:a2:89:42:44:2c	2015-01-01 02:11:57.255	0.76	-0.674	-0.059	-10.193	-11.047	-0.671							0.901	0.604	-97.899	-37.900	24.400	-3.267	24.35	0.20749	-0.60385	0.2952	-0.71066	
 18:06:54.424	f9:a2:89:42:44:2c	2015-01-01 02:11:57.255	0.757	-0.668	-0.066	-6.775	-7.385	-0.427							-0.049	0.593	-97.202	-42.900	18.800	0.193	24.35	0.20749	-0.60385	0.2952	-0.71066	
 18:06:54.440	ff:bd:0d:cb:d7:a7	2015-01-01 02:12:01.140	-0.55	-0.006	-0.963	-4.395	-121.765	-1.404							-1.066	29.553	131.528	79.900	39.000	37.233	24.65	0.29391	-0.39865	-0.86124	-0.1134	
 18:06:54.455	f9:a2:89:42:44:2c	2015-01-01 02:11:57.255	0.76	-0.666	-0.07	-3.723	-4.028	-0.244							-0.626	0.588	-96.779	-42.900	18.800	0.193	24.35	0.20749	-0.60385	0.2952	-0.71066	
 18:06:54.499	ff:bd:0d:cb:d7:a7	2015-01-01 02:12:01.140	-0.641	-0.005	-0.905	-4.333	-122.803	-1.404							-1.214	35.711	131.655	79.900	39.000	37.233	24.65	-0.20703	-0.39893	-0.88812	0.09567	
 18:06:54.530	ff:bd:0d:cb:d7:a7	2015-01-01 02:12:01.140	-0.674	-0.003	-0.851	-4.395	-125.854	-1.404							-1.357	41.918	131.77	79.900	39.000	37.233	24.65	-0.20703	-0.39893	-0.88812	0.09567	
 18:06:54.545	f9:a2:89:42:44:2c	2015-01-01 02:11:57.640	0.764	-0.666	-0.074	-0.671	-0.671	-0.061							-0.868	0.582	-96.608	-42.900	18.800	0.193	24.35	0.18976	-0.65207	0.31668	-0.66211	
 18:06:54.560	ff:bd:0d:cb:d7:a7	2015-01-01 02:12:01.555	-0.753	-0.001	-0.809	-4.395	-122.192	-1.465							-1.505	48.181	131.869	79.900	39.000	37.233	24.65	-0.20703	-0.39893	-0.88812	0.09567	
 18:06:54.574	f9:a2:89:42:44:2c	2015-01-01 02:11:57.640	0.757	-0.672	-0.075	2.319	2.197	-0.061							-0.797	0.571	-96.652	-42.900	18.800	0.193	24.35	0.18976	-0.65207	0.31668	-0.66211	
 18:06:54.633	f9:a2:89:42:44:2c	2015-01-01 02:11:57.640	0.756	-0.666	-0.066	5.066	5.249	0.244							-0.401	0.555	-96.938	-42.900	18.800	0.193	24.35	0.18976	-0.65207	0.31668	-0.66211	
 18:06:54.649	ff:bd:0d:cb:d7:a7	2015-01-01 02:12:01.555	-0.824	0	-0.726	-4.333	-119.995	-1.343							-1.648	54.278	131.951	79.900	39.000	37.233	24.65	-0.20703	-0.39893	-0.88812	0.09567	
 18:06:54.664	f9:a2:89:42:44:2c	2015-01-01 02:11:57.640	0.757	-0.665	-0.057	7.812	8.24	0.427							0.308	0.544	-97.449	-42.900	18.800	0.193	24.35	0.18976	-0.65207	0.31668	-0.66211	
 18:06:54.679	ff:bd:0d:cb:d7:a7	2015-01-01 02:12:01.555	-0.889	0.002	-0.641	-4.089	-120.3	-1.587							-1.78	60.386	132.039	79.900	39.000	37.233	24.65	-0.20703	-0.39893	-0.88812	0.09567	
 18:06:54.740	ff:bd:0d:cb:d7:a7	2015-01-01 02:12:01.555	-0.655	0.001	-0.545	-4.395	-120.85	-1.282							-1.923	66.511	132.1	79.900	39.000	37.233	24.65	-0.20703	-0.39893	-0.88812	0.09567	
 18:06:54.754	f9:a2:89:42:44:2c	2015-01-01 02:11:57.640	0.721	-0.665	-0.046	10.498	10.986	0.671							1.313	0.544	-98.185	-42.900	18.800	0.193	24.35	0.18976	-0.65207	0.31668	-0.66211	
 18:06:54.770	ff:bd:0d:cb:d7:a7	2015-01-01 02:12:01.555	-0.555	0	-0.589	-3.174	-83.557	-0.732							-2.027	72.065	132.177	104.700	11.100	37.140	24.65	-0.20703	-0.39893	-0.88812	0.09567	
 18:06:54.785	f9:a2:89:42:44:2c	2015-01-01 02:11:57.640	0.697	-0.628	0.018	8.789	9.399	0.61							2.472	0.555	-99.031	-41.400	21.400	-3.193	24.35	0.18976	-0.65207	0.31668	-0.66211	
 18:06:54.816	f9:a2:89:42:44:2c	2015-01-01 02:11:57.640	0.759	-0.618	0.056	0.305	0.183	-0.061							3.021	0.56	-99.426	-41.400	21.400	-3.193	24.35	0.18976	-0.65207	0.31668	-0.66211	
 18:06:54.859	ff:bd:0d:cb:d7:a7	2015-01-01 02:12:01.555	-1.095	-0.012	-0.587	-0.244	-1.892	-0.488							-2.071	74.388	132.209	104.700	11.100	37.140	24.65	-0.47839	-0.34354	-0.78091	0.20782	
 18:06:54.876	f9:a2:89:42:44:2c	2015-01-01 02:11:57.640	0.745	-0.688	-0.045	0.854	0.244	-0.061							2.9	0.555	-99.349	-41.400	21.400	-3.193	24.35	0.1947	-0.63855	0.31012	-0.67682	
 18:06:54.890	ff:bd:0d:cb:d7:a7	2015-01-01 02:12:01.885	-0.947	-0.001	-0.28	-0.488	-4.883	-0.488							-2.126	74.004	132.149	104.700	11.100	37.140	24.65	-0.47839	-0.34354	-0.78091	0.20782	
 18:06:54.919	ff:bd:0d:cb:d7:a7	2015-01-01 02:12:01.885	-0.928	0.001	-0.354	-0.61	1.892	0.122							-2.093	74.086	132.182	104.700	11.100	37.140	24.65	-0.47839	-0.34354	-0.78091	0.20782	
 18:06:54.965	f9:a2:89:42:44:2c	2015-01-01 02:11:58.000	0.746	-0.666	-0.015	-0.122	-0.122	0							2.911	0.549	-99.355	-41.400	21.400	-3.193	24.35	0.1947	-0.63855	0.31012	-0.67682	
 18:06:54.979	ff:bd:0d:cb:d7:a7	2015-01-01 02:12:01.885	-0.931	0.002	-0.363	-0.488	0.244	-0.122							-2.093	74.141	132.188	104.700	11.100	37.140	24.65	-0.47839	-0.34354	-0.78091	0.20782	
 18:06:54.995	f9:a2:89:42:44:2c	2015-01-01 02:11:58.000	0.748	-0.659	-0.012	0	0	0.061							2.911	0.544	-99.355	-41.400	21.400	-3.193	24.35	0.1947	-0.63855	0.31012	-0.67682	
 18:06:55.024	f9:a2:89:42:44:2c	2015-01-01 02:11:58.000	0.746	-0.658	-0.012	0	0	0.061							2.906	0.538	-99.349	-41.400	21.400	-3.193	24.35	0.1947	-0.63855	0.31012	-0.67682	
 18:06:55.040	ff:bd:0d:cb:d7:a7	2015-01-01 02:12:01.885	-0.931	0	-0.363	-0.366	0.122	-0.061							-2.093	74.169	132.188	104.700	11.100	37.140	24.65	-0.47839	-0.34354	-0.78091	0.20782	
 18:06:55.085	f9:a2:89:42:44:2c	2015-01-01 02:11:58.000	0.746	-0.661	-0.011	0.061	0	0							2.906	0.533	-99.344	-41.400	21.400	-3.193	24.35	0.1947	-0.63855	0.31012	-0.67682	
 18:06:55.100	ff:bd:0d:cb:d7:a7	2015-01-01 02:12:01.885	-0.931	0	-0.363	-0.427	0.183	-0.061							-2.087	74.213	132.198	104.700	11.100	37.140	24.65	-0.47839	-0.34354	-0.78091	0.20782	
 18:06:55.130	ff:bd:0d:cb:d7:a7	2015-01-01 02:12:01.885	-0.93	0	-0.363	-0.427	0.183	0							-2.082	74.246	132.204	103.300	11.300	36.987	24.65	-0.47839	-0.34354	-0.78091	0.20782	
 18:06:55.145	f9:a2:89:42:44:2c	2015-01-01 02:11:58.000	0.745	-0.659	-0.011	0.061	0	0							2.906	0.527	-99.344	-42.200	21.600	1.447	24.35	0.1947	-0.63855	0.31012	-0.67682	
 18:06:55.160	ff:bd:0d:cb:d7:a7	2015-01-01 02:12:01.885	-0.931	0	-0.363	-0.488	0.183	-0.061							-2.082	74.246	132.204	103.300	11.300	36.987	24.65	-0.47839	-0.34354	-0.78091	0.20782	
 18:06:55.205	f9:a2:89:42:44:2c	2015-01-01 02:11:58.000	0.746	-0.659	-0.011	0.061	0	0							2.906	0.522	-99.344	-42.200	21.600	1.447	24.35	0.19452	-0.63864	0.30981	-0.67691	
 18:06:55.235	f9:a2:89:42:44:2c	2015-01-01 02:11:58.325	0.746	-0.66	-0.012	0.061	0	0							2.9	0.516	-99.344	-42.200	21.600	1.447	24.35	0.19452	-0.63864	0.30981	-0.67691	
 18:06:55.250	ff:bd:0d:cb:d7:a7	2015-01-01 02:12:02.240	-0.931	0	-0.362	-0.488	0.183	-0.061							-2.082	74.246	132.204	103.300	11.300	36.987	24.65	-0.47949	-0.34317	-0.78027	0.20825	
 18:06:55.264	f9:a2:89:42:44:2c	2015-01-01 02:11:58.325	0.746	-0.66	-0.011	0.061	0	0							2.9	0.505	-99.338	-42.200	21.600	1.447	24.35	0.19452	-0.63864	0.30981	-0.67691	
 18:06:55.279	ff:bd:0d:cb:d7:a7	2015-01-01 02:12:02.240	-0.931	0	-0.363	-0.366	0.244	0							-2.087	74.246	132.198	103.300	11.300	36.987	24.65	-0.47949	-0.34317	-0.78027	0.20825	
 18:06:55.339	ff:bd:0d:cb:d7:a7	2015-01-01 02:12:02.240	-0.93	0	-0.363	-0.427	0.183	0							-2.087	74.251	132.198	103.300	11.300	36.987	24.65	-0.47949	-0.34317	-0.78027	0.20825	
 18:06:55.355	f9:a2:89:42:44:2c	2015-01-01 02:11:58.325	0.747	-0.659	-0.012	0.061	0	0.061							2.895	0.505	-99.338	-42.200	21.600	1.447	24.35	0.19452	-0.63864	0.30981	-0.67691	
 18:06:55.385	f9:a2:89:42:44:2c	2015-01-01 02:11:58.325	0.747	-0.658	-0.011	0.061	0	0							2.895	0.5	-99.338	-42.200	21.600	1.447	24.35	0.19452	-0.63864	0.30981	-0.67691	
 18:06:55.399	ff:bd:0d:cb:d7:a7	2015-01-01 02:12:02.240	-0.93	0.001	-0.363	-0.427	0.183	-0.061							-2.087	74.257	132.198	103.300	11.300	36.987	24.65	-0.47949	-0.34317	-0.78027	0.20825	
 18:06:55.445	f9:a2:89:42:44:2c	2015-01-01 02:11:58.325	0.747	-0.658	-0.011	0.061	0	0							2.895	0.494	-99.338	-42.200	21.600	1.447	24.35	0.19452	-0.63864	0.30981	-0.67691	
 18:06:55.459	ff:bd:0d:cb:d7:a7	2015-01-01 02:12:02.240	-0.93	0	-0.362	-0.366	0.244	0							-2.087	74.262	132.198	103.300	11.300	36.987	24.65	-0.47949	-0.34317	-0.78027	0.20825	
 18:06:55.475	f9:a2:89:42:44:2c	2015-01-01 02:11:58.325	0.747	-0.659	-0.012	0	0	0							2.889	0.489	-99.333	-41.100	21.000	-1.427	24.35	0.19452	-0.63864	0.30981	-0.67691	
 18:06:55.490	ff:bd:0d:cb:d7:a7	2015-01-01 02:12:02.240	-0.931	0	-0.363	-0.427	0.183	-0.061							-2.082	74.268	132.198	103.400	10.800	35.360	24.65	-0.47949	-0.34317	-0.78027	0.20825	
 18:06:55.519	ff:bd:0d:cb:d7:a7	2015-01-01 02:12:02.240	-0.931	0	-0.363	-0.427	0.183	-0.061							-2.087	74.273	132.193	103.400	10.800	35.360	24.65	-0.47949	-0.34317	-0.78027	0.20825	
 18:06:55.565	f9:a2:89:42:44:2c	2015-01-01 02:11:58.325	0.747	-0.658	-0.012	0.061	0	0							2.889	0.483	-99.327	-41.100	21.000	-1.427	24.35	0.19431	-0.63882	0.3096	-0.67688	
 18:06:55.580	ff:bd:0d:cb:d7:a7	2015-01-01 02:12:02.240	-0.93	0	-0.363	-0.427	0.183	0							-2.087	74.273	132.193	103.400	10.800	35.360	24.65	-0.47971	-0.34314	-0.78015	0.20837	
 18:06:55.595	f9:a2:89:42:44:2c	2015-01-01 02:11:58.685	0.746	-0.658	-0.011	0	0	0							2.884	0.478	-99.322	-41.100	21.000	-1.427	24.35	0.19431	-0.63882	0.3096	-0.67688	
 18:06:55.625	f9:a2:89:42:44:2c	2015-01-01 02:11:58.685	0.746	-0.659	-0.011	0	0	0							2.878	0.472	-99.322	-41.100	21.000	-1.427	24.35	0.19431	-0.63882	0.3096	-0.67688	
 18:06:55.669	ff:bd:0d:cb:d7:a7	2015-01-01 02:12:02.600	-0.931	0	-0.363	-0.366	0.183	-0.061							-2.087	74.279	132.193	103.400	10.800	35.360	24.65	-0.47971	-0.34314	-0.78015	0.20837	
 18:06:55.685	f9:a2:89:42:44:2c	2015-01-01 02:11:58.685	0.746	-0.659	-0.012	0	0	0							2.818	0.302	-99.272	-41.100	21.000	-1.427	24.35	0.19431	-0.63882	0.3096	-0.67688	
 18:06:55.700	ff:bd:0d:cb:d7:a7	2015-01-01 02:12:02.600	-0.93	0	-0.363	-0.427	0.183	0							-2.087	74.279	132.193	103.400	10.800	35.360	24.65	-0.47971	-0.34314	-0.78015	0.20837	
 18:06:55.730	ff:bd:0d:cb:d7:a7	2015-01-01 02:12:02.600	-0.931	0	-0.363	-0.366	0.183	-0.061							-2.093	74.284	132.188	103.400	10.800	35.360	24.65	-0.47971	-0.34314	-0.78015	0.20837	
 18:06:55.745	f9:a2:89:42:44:2c	2015-01-01 02:11:58.685	0.747	-0.658	-0.011	0.061	0	0							2.807	0.28	-99.267	-41.100	21.000	-1.427	24.35	0.19431	-0.63882	0.3096	-0.67688	
 18:06:55.790	ff:bd:0d:cb:d7:a7	2015-01-01 02:12:02.600	-0.93	0	-0.363	-0.427	0.122	-0.061							-2.093	74.29	132.188	103.400	10.800	35.360	24.65	-0.47971	-0.34314	-0.78015	0.20837	
 18:06:55.804	f9:a2:89:42:44:2c	2015-01-01 02:11:58.685	0.746	-0.659	-0.011	0.061	0	0							2.802	0.264	-99.256	-41.100	21.000	-1.427	24.35	0.19431	-0.63882	0.3096	-0.67688	
 18:06:55.835	f9:a2:89:42:44:2c	2015-01-01 02:11:58.685	0.747	-0.659	-0.012	0.061	0	0							2.796	0.253	-99.25	-41.900	20.100	3.187	24.35	0.19431	-0.63882	0.3096	-0.67688	
 18:06:55.850	ff:bd:0d:cb:d7:a7	2015-01-01 02:12:02.600	-0.93	0	-0.363	-0.366	0.183	-0.061							-2.093	74.295	132.188	103.900	10.000	38.500	24.65	-0.47971	-0.34314	-0.78015	0.20837	
 18:06:55.864	f9:a2:89:42:44:2c	2015-01-01 02:11:58.685	0.747	-0.659	-0.011	0.061	0	0.061							2.791	0.247	-99.245	-41.900	20.100	3.187	24.35	0.19431	-0.63882	0.3096	-0.67688	
 18:06:55.910	ff:bd:0d:cb:d7:a7	2015-01-01 02:12:02.600	-0.931	0	-0.363	-0.427	0.183	-0.061							-2.087	74.301	132.193	103.900	10.000	38.500	24.65	-0.4808	-0.34274	-0.77951	0.20886	
 18:06:55.939	ff:bd:0d:cb:d7:a7	2015-01-01 02:12:02.925	-0.931	0	-0.363	-0.366	0.183	-0.061							-2.071	74.493	132.226	103.900	10.000	38.500	24.65	-0.4808	-0.34274	-0.77951	0.20886	
 18:06:55.954	f9:a2:89:42:44:2c	2015-01-01 02:11:59.040	0.747	-0.658	-0.012	0.061	0	0							2.736	0.137	-106.639	-41.900	20.100	3.187	24.35	0.15002	-0.6192	0.34799	-0.68768	
 18:06:55.970	ff:bd:0d:cb:d7:a7	2015-01-01 02:12:02.925	-0.931	0.001	-0.363	-0.427	0.183	-0.061							1.807	77.036	140.416	103.900	10.000	38.500	24.65	-0.4808	-0.34274	-0.77951	0.20886	
 18:06:55.984	f9:a2:89:42:44:2c	2015-01-01 02:11:59.040	0.746	-0.659	-0.012	0.061	0	0							2.565	0.055	-106.99	-41.900	20.100	3.187	24.35	0.15002	-0.6192	0.34799	-0.68768	
 18:06:56.045	f9:a2:89:42:44:2c	2015-01-01 02:11:59.040	0.747	-0.659	-0.012	0.061	0	0							2.543	0.044	-107.062	-41.900	20.100	3.187	24.35	0.15002	-0.6192	0.34799	-0.68768	
 18:06:56.060	ff:bd:0d:cb:d7:a7	2015-01-01 02:12:02.925	-0.93	0	-0.362	-0.427	0.183	-0.061							3.054	77.52	142.85	103.900	10.000	38.500	24.65	-0.4808	-0.34274	-0.77951	0.20886	
 18:06:56.075	f9:a2:89:42:44:2c	2015-01-01 02:11:59.040	0.747	-0.659	-0.012	0.061	0	0							2.538	0.044	-107.073	-41.900	20.100	3.187	24.35	0.15002	-0.6192	0.34799	-0.68768	
 18:06:56.090	ff:bd:0d:cb:d7:a7	2015-01-01 02:12:02.925	-0.93	0.001	-0.363	-0.427	0.183	-0.061							3.126	77.745	144.097	103.900	10.000	38.500	24.65	-0.4808	-0.34274	-0.77951	0.20886	
 18:06:56.149	ff:bd:0d:cb:d7:a7	2015-01-01 02:12:02.925	-0.93	0	-0.363	-0.427	0.244	0							2.983	77.772	144.728	103.900	10.000	38.500	24.65	-0.4808	-0.34274	-0.77951	0.20886	
 18:06:56.165	f9:a2:89:42:44:2c	2015-01-01 02:11:59.040	0.747	-0.658	-0.012	0.061	0	0							2.538	0.044	-107.084	-41.900	20.100	3.187	24.35	0.15002	-0.6192	0.34799	-0.68768	
 18:06:56.179	ff:bd:0d:cb:d7:a7	2015-01-01 02:12:02.925	-0.93	0	-0.364	-0.427	0.183	-0.061							2.73	77.849	145.613	104.800	10.900	36.520	24.65	-0.4808	-0.34274	-0.77951	0.20886	
 18:06:56.195	f9:a2:89:42:44:2c	2015-01-01 02:11:59.040	0.747	-0.658	-0.012	0.061	0	0.061							2.538	0.038	-107.089	-41.400	21.100	-0.407	24.35	0.15002	-0.6192	0.34799	-0.68768	
 18:06:56.225	f9:a2:89:42:44:2c	2015-01-01 02:11:59.040	0.747	-0.658	-0.012	0.061	0	0							2.538	0.033	-107.106	-41.400	21.100	-0.407	24.35	0.15002	-0.6192	0.34799	-0.68768	
 18:06:56.271	ff:bd:0d:cb:d7:a7	2015-01-01 02:12:02.925	-0.931	0.001	-0.363	-0.427	0.244	0							2.576	77.866	146.206	104.800	10.900	36.520	24.65	0.51816	0.25717	0.79437	-0.18506	
 18:06:56.284	f9:a2:89:42:44:2c	2015-01-01 02:11:59.040	0.746	-0.659	-0.011	0	0	0							2.538	0.033	-107.111	-41.400	21.100	-0.407	24.35	0.14334	-0.6181	0.35196	-0.68805	
 18:06:56.299	ff:bd:0d:cb:d7:a7	2015-01-01 02:12:03.285	-0.931	0	-0.362	-0.366	0.183	-0.061							2.351	77.926	147.008	104.800	10.900	36.520	24.65	0.51816	0.25717	0.79437	-0.18506	
 18:06:56.329	ff:bd:0d:cb:d7:a7	2015-01-01 02:12:03.285	-0.931	0	-0.363	-0.366	0.183	-0.061							2.214	77.948	147.557	104.800	10.900	36.520	24.65	0.51816	0.25717	0.79437	-0.18506	
 18:06:56.389	ff:bd:0d:cb:d7:a7	2015-01-01 02:12:03.285	-0.93	0	-0.363	-0.366	0.183	-0.061							2.016	77.997	148.288	104.800	10.900	36.520	24.65	0.51816	0.25717	0.79437	-0.18506	
 18:06:56.404	f9:a2:89:42:44:2c	2015-01-01 02:11:59.040	0.746	-0.659	-0.011	0.061	0	0.061							2.543	0.027	-107.111	-41.400	21.100	-0.407	24.35	0.14334	-0.6181	0.35196	-0.68805	
 18:06:56.404	f9:a2:89:42:44:2c	2015-01-01 02:11:59.040	0.747	-0.659	-0.012	0.061	0	0							2.543	0.033	-107.111	-41.400	21.100	-0.407	24.35	0.14334	-0.6181	0.35196	-0.68805	
 18:06:56.434	f9:a2:89:42:44:2c	2015-01-01 02:11:59.040	0.747	-0.658	-0.012	0	0	0							2.538	0.033	-107.117	-41.400	21.100	-0.407	24.47	0.14334	-0.6181	0.35196	-0.68805	
 18:06:56.449	ff:bd:0d:cb:d7:a7	2015-01-01 02:12:03.285	-0.931	0.001	-0.363	-0.366	0.183	-0.061							1.895	78.014	148.782	104.800	10.900	36.520	24.65	0.51816	0.25717	0.79437	-0.18506	
 18:06:56.495	f9:a2:89:42:44:2c	2015-01-01 02:11:59.040	0.747	-0.658	-0.011	0.061	0	0							2.538	0.033	-107.122	-41.400	21.100	-0.407	24.47	0.14334	-0.6181	0.35196	-0.68805	
 18:06:56.509	ff:bd:0d:cb:d7:a7	2015-01-01 02:12:03.285	-0.93	0	-0.362	-0.427	0.183	-0.061							1.725	78.063	149.436	104.800	10.900	36.520	24.65	0.51816	0.25717	0.79437	-0.18506	
 18:06:56.539	ff:bd:0d:cb:d7:a7	2015-01-01 02:12:03.285	-0.93	0	-0.364	-0.427	0.244	-0.061							1.62	78.08	149.886	104.400	11.900	37.587	24.65	0.51816	0.25717	0.79437	-0.18506	
 18:06:56.554	f9:a2:89:42:44:2c	2015-01-01 02:11:59.575	0.746	-0.659	-0.011	0.061	0	0							2.538	0.027	-107.128	-41.400	21.100	-0.407	24.47	0.14334	-0.6181	0.35196	-0.68805	
 18:06:56.570	ff:bd:0d:cb:d7:a7	2015-01-01 02:12:03.285	-0.93	0.001	-0.363	-0.366	0.183	-0.061							1.467	78.124	150.469	104.400	11.900	37.587	24.65	0.51816	0.25717	0.79437	-0.18506	
 18:06:56.615	f9:a2:89:42:44:2c	2015-01-01 02:11:59.575	0.747	-0.658	-0.011	0.061	0	0							2.543	0.027	-107.122	-41.400	21.100	-0.407	24.47	0.14334	-0.6181	0.35196	-0.68805	
 18:06:56.644	f9:a2:89:42:44:2c	2015-01-01 02:11:59.575	0.747	-0.658	-0.012	0	0	0							2.543	0.027	-107.122	-41.400	21.100	-0.407	24.47	0.14334	-0.6181	0.35196	-0.68805	
 18:06:56.659	ff:bd:0d:cb:d7:a7	2015-01-01 02:12:03.640	-0.931	0	-0.362	-0.427	0.183	-0.061							1.368	78.14	150.875	104.400	11.900	37.587	24.65	0.52774	0.22488	0.80316	-0.16043	
 18:06:56.675	f9:a2:89:42:44:2c	2015-01-01 02:11:59.575	0.747	-0.659	-0.012	0.061	0	0							2.543	0.027	-107.128	-41.400	21.100	-0.407	24.47	0.14334	-0.6181	0.35196	-0.68805	
 18:06:56.690	ff:bd:0d:cb:d7:a7	2015-01-01 02:12:03.640	-0.93	0	-0.363	-0.427	0.183	-0.061							1.241	78.179	151.414	104.400	11.900	37.587	24.65	0.52774	0.22488	0.80316	-0.16043	
 18:06:56.750	ff:bd:0d:cb:d7:a7	2015-01-01 02:12:03.640	-0.931	0	-0.363	-0.427	0.183	-0.061							1.159	78.201	151.787	104.400	11.900	37.587	24.65	0.52774	0.22488	0.80316	-0.16043	
 18:06:56.765	f9:a2:89:42:44:2c	2015-01-01 02:11:59.575	0.747	-0.658	-0.012	0.061	0	0.061							2.538	0.027	-107.133	-41.300	22.300	-1.373	24.47	0.14334	-0.6181	0.35196	-0.68805	
 18:06:56.780	ff:bd:0d:cb:d7:a7	2015-01-01 02:12:03.640	-0.93	0	-0.363	-0.427	0.244	-0.061							1.044	78.234	152.271	104.400	11.900	37.587	24.65	0.52774	0.22488	0.80316	-0.16043	
 18:06:56.796	f9:a2:89:42:44:2c	2015-01-01 02:11:59.575	0.746	-0.658	-0.011	0.061	0	0							2.538	0.027	-107.139	-41.300	22.300	-1.373	24.47	0.14334	-0.6181	0.35196	-0.68805	
 18:06:56.854	f9:a2:89:42:44:2c	2015-01-01 02:11:59.575	0.746	-0.659	-0.011	0.061	0	0							2.538	0.027	-107.139	-41.300	22.300	-1.373	24.47	0.14316	-0.61804	0.35205	-0.68811	
 18:06:56.899	ff:bd:0d:cb:d7:a7	2015-01-01 02:12:03.640	-0.93	0	-0.364	-0.427	0.183	-0.061							0.967	78.25	152.606	104.400	11.900	37.587	24.65	0.52774	0.22488	0.80316	-0.16043	
 18:06:56.902	ff:bd:0d:cb:d7:a7	2015-01-01 02:12:03.640	-0.93	0.001	-0.362	-0.366	0.183	-0.061							0.868	78.283	153.04	102.100	12.700	39.707	24.65	0.52774	0.22488	0.80316	-0.16043	
 18:06:56.914	f9:a2:89:42:44:2c	2015-01-01 02:11:59.965	0.746	-0.659	-0.012	0	0	0							2.538	0.027	-107.133	-41.300	22.300	-1.373	24.47	0.14316	-0.61804	0.35205	-0.68811	
 18:06:56.929	ff:bd:0d:cb:d7:a7	2015-01-01 02:12:03.640	-0.93	0.001	-0.362	-0.366	0.183	-0.061							0.802	78.3	153.342	102.100	12.700	39.707	24.65	0.52774	0.22488	0.80316	-0.16043	
 18:06:56.975	f9:a2:89:42:44:2c	2015-01-01 02:11:59.965	0.747	-0.658	-0.012	0	0	0							2.538	0.027	-107.133	-41.300	22.300	-1.373	24.47	0.14316	-0.61804	0.35205	-0.68811	
 18:06:56.989	ff:bd:0d:cb:d7:a7	2015-01-01 02:12:03.640	-0.93	0	-0.362	-0.427	0.183	0							0.709	78.333	153.748	102.100	12.700	39.707	24.65	0.52774	0.22488	0.80316	-0.16043	
 18:06:57.005	f9:a2:89:42:44:2c	2015-01-01 02:11:59.965	0.746	-0.659	-0.012	0	0	0							2.538	0.027	-107.139	-41.300	22.300	-1.373	24.47	0.14316	-0.61804	0.35205	-0.68811	
 18:06:57.065	f9:a2:89:42:44:2c	2015-01-01 02:11:59.965	0.747	-0.659	-0.012	0.061	0	0							2.538	0.027	-107.144	-41.300	22.300	-1.373	24.47	0.14316	-0.61804	0.35205	-0.68811	
 18:06:57.079	ff:bd:0d:cb:d7:a7	2015-01-01 02:12:03.640	-0.931	0	-0.363	-0.427	0.183	0							0.648	78.349	154.034	102.100	12.700	39.707	24.65	0.53485	0.1987	0.80905	-0.14075	
 18:06:57.094	f9:a2:89:42:44:2c	2015-01-01 02:11:59.965	0.747	-0.659	-0.011	0.061	0	0							2.538	0.027	-107.144	-41.300	22.300	-1.373	24.47	0.14316	-0.61804	0.35205	-0.68811	
 18:06:57.111	ff:bd:0d:cb:d7:a7	2015-01-01 02:12:04.060	-0.931	0	-0.362	-0.427	0.244	-0.061							0.566	78.376	154.402	102.100	12.700	39.707	24.65	0.53485	0.1987	0.80905	-0.14075	
 18:06:57.139	ff:bd:0d:cb:d7:a7	2015-01-01 02:12:04.060	-0.931	0.001	-0.363	-0.427	0.183	0							0.511	78.393	154.66	102.100	12.700	39.707	24.65	0.53485	0.1987	0.80905	-0.14075	
 18:06:57.155	f9:a2:89:42:44:2c	2015-01-01 02:11:59.965	0.746	-0.658	-0.011	0.061	0	0							2.538	0.027	-107.144	-41.300	21.500	-0.400	24.47	0.14316	-0.61804	0.35205	-0.68811	
 18:06:57.200	ff:bd:0d:cb:d7:a7	2015-01-01 02:12:04.060	-0.93	0.001	-0.363	-0.427	0.183	0							0.439	78.42	155.001	102.100	12.700	39.707	24.65	0.53485	0.1987	0.80905	-0.14075	
 18:06:57.215	f9:a2:89:42:44:2c	2015-01-01 02:11:59.965	0.747	-0.658	-0.011	0	0	0							2.538	0.027	-107.144	-41.300	21.500	-0.400	24.47	0.14313	-0.61801	0.35211	-0.68811	
 18:06:57.244	f9:a2:89:42:44:2c	2015-01-01 02:12:00.320	0.746	-0.659	-0.011	0.061	0	0							2.538	0.027	-107.144	-41.300	21.500	-0.400	24.47	0.14313	-0.61801	0.35211	-0.68811	
 18:06:57.260	ff:bd:0d:cb:d7:a7	2015-01-01 02:12:04.060	-0.931	0	-0.363	-0.427	0.183	0							0.385	78.431	155.231	102.100	12.700	39.707	24.65	0.53485	0.1987	0.80905	-0.14075	
 18:06:57.274	f9:a2:89:42:44:2c	2015-01-01 02:12:00.320	0.746	-0.659	-0.012	0.061	0	0.061							2.538	0.027	-107.139	-41.300	21.500	-0.400	24.47	0.14313	-0.61801	0.35211	-0.68811	
 18:06:57.320	ff:bd:0d:cb:d7:a7	2015-01-01 02:12:04.060	-0.931	0	-0.362	-0.427	0.183	0							0.319	78.459	155.539	102.100	12.700	39.707	24.65	0.53485	0.1987	0.80905	-0.14075	
 18:06:57.350	ff:bd:0d:cb:d7:a7	2015-01-01 02:12:04.060	-0.931	0	-0.363	-0.366	0.183	0							0.275	78.475	155.759	103.600	11.100	36.373	24.65	0.53485	0.1987	0.80905	-0.14075	
 18:06:57.364	f9:a2:89:42:44:2c	2015-01-01 02:12:00.320	0.747	-0.658	-0.012	0.061	0	0.061							2.538	0.027	-107.139	-41.300	21.500	-0.400	24.47	0.14313	-0.61801	0.35211	-0.68811	
 18:06:57.379	ff:bd:0d:cb:d7:a7	2015-01-01 02:12:04.060	-0.93	0	-0.363	-0.427	0.183	-0.061							0.214	78.497	156.044	103.600	11.100	36.373	24.65	0.53485	0.1987	0.80905	-0.14075	
 18:06:57.394	f9:a2:89:42:44:2c	2015-01-01 02:12:00.320	0.747	-0.659	-0.012	0	0	0							2.538	0.027	-107.144	-41.300	21.500	-0.400	24.47	0.14313	-0.61801	0.35211	-0.68811	
 18:06:57.454	f9:a2:89:42:44:2c	2015-01-01 02:12:00.320	0.746	-0.658	-0.012	0.061	0	0							2.538	0.027	-107.144	-41.300	21.500	-0.400	24.47	0.14313	-0.61801	0.35211	-0.68811	
 18:06:57.471	ff:bd:0d:cb:d7:a7	2015-01-01 02:12:04.445	-0.93	0.001	-0.362	-0.427	0.183	-0.061							0.176	78.508	156.248	103.600	11.100	36.373	24.65	0.53961	0.17957	0.81271	-0.12643	
 18:06:57.484	f9:a2:89:42:44:2c	2015-01-01 02:12:00.320	0.747	-0.659	-0.011	0.061	0	0							2.538	0.027	-107.144	-40.700	22.000	-0.607	24.47	0.14313	-0.61801	0.35211	-0.68811	
 18:06:57.500	ff:bd:0d:cb:d7:a7	2015-01-01 02:12:04.445	-0.931	0	-0.363	-0.427	0.183	-0.061							0.121	78.53	156.511	103.600	11.100	36.373	24.65	0.53961	0.17957	0.81271	-0.12643	
 18:06:57.575	f9:a2:89:42:44:2c	2015-01-01 02:12:00.320	0.746	-0.659	-0.011	0.061	0	0							2.538	0.027	-107.144	-40.700	22.000	-0.607	24.47	0.1431	-0.61801	0.35211	-0.68811	
 18:06:57.590	ff:bd:0d:cb:d7:a7	2015-01-01 02:12:04.445	-0.93	0.001	-0.363	-0.427	0.183	-0.061							0.082	78.541	156.703	103.600	11.100	36.373	24.65	0.53961	0.17957	0.81271	-0.12643	
 18:06:57.590	ff:bd:0d:cb:d7:a7	2015-01-01 02:12:04.445	-0.93	0	-0.362	-0.427	0.244	0							0.033	78.563	156.951	103.600	11.100	36.373	24.65	0.53961	0.17957	0.81271	-0.12643	
